2026-05-29,1,STAT_BOMB,"79% of nonprofits now run five or more systems beyond their main CRM — up from 62% just one year ago.↵↵That number comes from Omatic's 2025 Nonprofit Integration Report, surveying over 600 organizations.↵Each additional system costs more than its subscription price.↵Connecting two systems with middleware runs $1,200–$6,000/year per connection.↵A five-system stack with four integration points can spend $5,000–$24,000/year just keeping data flowing.↵Staff at those organizations spend 20–30% of their total work time on cross-system data entry — roughly one to one-and-a-half FTEs consumed by reconciliation rather than programs.↵54% of nonprofits identify incomplete or inaccurate data as a major obstacle (CCS Philanthropy Pulse 2025).↵↵The hidden cost of fragmentation almost never shows up in the tech budget. It shows up in payroll.↵↵GrantPipe was built for the consolidation decision — donor management and grant compliance in one platform, starting at $329/month. No middleware required.","#nonprofitfinance #grantcompliance #nonprofittech #softwaredecisions",apps/site/src/content/guides/nonprofit-integration-tax.md,yes
2026-05-29,2,MYTH_BUSTER,"'Free CRM' for nonprofits means three very different things, and conflating them leads to expensive mistakes.↵↵Category one: genuinely free software with no time limit and no credit card required. HubSpot's free tier is the only credible example in this category for nonprofits.↵Category two: free licenses with significant hidden costs. Salesforce's TechSoup program gives qualifying nonprofits 10 free licenses — but an unimplemented Salesforce instance is not a functional CRM. Getting it to a usable state costs $30,000–$100,000 in consulting.↵Category three: 30-day trials labeled 'free' in search results. Bloomerang's trial, Little Green Light's trial — these are time-limited evaluations, not free products.↵↵The second problem: none of these options cover grant compliance. HubSpot has no restricted fund tracking. Bloomerang has no grant lifecycle features at any pricing tier. Little Green Light has no compliance reporting.↵↵A free CRM solves the contact database problem. It does not solve the grant compliance problem — which is often the more expensive gap to leave open.↵↵What is your organization using for grant tracking alongside your CRM?","#nonprofitcrm #grantmanagement #nonprofitsoftware #grantsmanagement",apps/site/src/content/listicles/free-nonprofit-crm.md,no
2026-05-29,3,WORKFLOW_STEP,"The SEFA (Schedule of Expenditures of Federal Awards) determines how much of your Single Audit is testing versus procedural.↵↵A clean SEFA narrows audit scope and reduces findings. A messy one expands scope, raises cost, and produces findings that could have been avoided.↵↵The most common SEFA error: pass-through awards listed under the state or local agency instead of the prime federal agency. A state-administered CDBG award through HUD belongs under HUD on the SEFA, not under the state housing authority — regardless of who actually sent you the check.↵The second most common error: CFDA/ALN numbers that do not match the current grant agreement or SAM.gov. ALN replaced the CFDA term; both appear in practice but should resolve to the same number.↵The third: expenditure totals that do not reconcile to the Statement of Activities.↵↵GAO's April 2024 analysis (GAO-24-106173) identifies incomplete SEFA among the five most common Single Audit findings. $1.17 trillion in federal spending from 2017–2021 was linked to severe and persistent findings.↵↵Grant coding in the general ledger throughout the year is the single largest predictor of clean SEFA. Organizations with class-level coding in QuickBooks or fund tracking in a purpose-built system can assemble the SEFA from a single export. Organizations without it rebuild it annually from bank records.↵↵Deliver the SEFA draft to your auditor at least 30 days before fieldwork begins.","#singleaudit #sefa #federalgrants #nonprofitfinance",apps/site/src/content/workflows/prepare-sefa-for-single-audit.md,no
2026-05-29,4,TERM_EXPLAINED,"Grant compliance is not about avoiding doing anything wrong — it is about being able to prove you did everything right.↵↵The compliance obligation starts at award acceptance, not at report time. For federal awards, 2 CFR Part 200 (Uniform Guidance) is the primary framework. It governs three categories: cost principles (what is allowable, allocable, and reasonable under 2 CFR 200 Subpart E), administrative requirements (financial management systems, procurement, property), and audit requirements (the Single Audit threshold of $1,000,000 in federal expenditures per 2 CFR 200.501).↵↵For private foundation grants, the framework is simpler: the grant agreement governs. Most foundations require narrative and financial reports, restrictions on approved spending, and record retention. Foundations do not conduct single audits, but they share information among themselves.↵↵The most frequently cited federal compliance failures: inadequate time-and-effort documentation for personnel costs, missing expenditure documentation, failure to obtain prior approval for budget changes, and inadequate subrecipient monitoring.↵↵Compliance is a coordination problem across development, finance, and program staff — no single department owns the full obligation.↵↵What does your organization use to track the documentation layer across departments?","#grantcompliance #2cfr200 #uniformguidance #nonprofitoperations",apps/site/src/content/glossary/grant-compliance.md,no
2026-05-29,5,TOOL_TEARDOWN,"Givebutter is a fundraising platform. That is an honest description, not a criticism.↵↵It is well-designed for peer-to-peer campaigns, events, and individual donor fundraising — the free core tier is real, and the interface is straightforward for small teams.↵↵The constraint is visible when grants become a meaningful revenue source. A foundation that requires a quarterly budget-vs-actual report will receive something assembled manually in Excel, because Givebutter does not organize data for grant-level reporting. A first federal grant brings 2 CFR 200 compliance requirements that Givebutter has no tools to address.↵↵The operational pattern: a quarterly compliance report for one restricted grant takes two to four hours the first time — and does not get meaningfully faster with repetition, because the source data is not structured for grant reporting.↵↵Organizations that receive restricted grants need fund balance tracking, expense traceability, and funder-facing financial reports. These are not Givebutter features, and they will not become Givebutter features because they are not in the platform's design focus.↵↵The organizations that stay on Givebutter past this inflection point are not making a tool decision. They are paying a labor cost that compounds with every additional grant.","#givebutter #donormanagement #grantmanagement #nonprofitsoftware",apps/site/src/content/alternatives/givebutter-alternative-donor-crm-grant-workflows.md,no
2026-05-29,6,HOW_TO,"Restricted contribution tracking is a continuous practice, not an end-of-year cleanup exercise.↵↵The organizations that manage restricted funds cleanly do three things throughout the year that others do once at year-end.↵↵First, they capture the restriction at the moment of receipt. The accounting entry (debit cash, credit restricted contribution revenue) must be coded to a specific sub-account representing the particular restriction — not a generic 'with restrictions' bucket. Under ASC 958, unconditional contributions should be recognized when received, even for multi-year grants.↵↵Second, they code every related expenditure to the correct fund at the time the transaction is entered. For personnel costs, time sheets document hours by grant each pay period, and payroll is allocated based on actual time — not on budget percentages. An employee who was 50% on Grant A for nine months and 100% on Grant B for three months should have payroll coded accordingly, not averaged.↵↵Third, they monitor fund balances monthly. A restricted fund balance should never go negative. A negative balance means the organization has spent more from the restricted fund than it contains — either a data entry error or actual misuse of funds.↵↵At year-end, the sum of all restricted fund closing balances must equal the with-donor-restrictions net asset balance on the Statement of Financial Position. Any variance requires a documented explanation before the audit.","#restrictedFunds #nonprofitaccounting #grantsmanagement #nonprofitfinance",apps/site/src/content/guides/tracking-temporarily-restricted-contributions.md,no
2026-05-29,7,FREE_RESOURCE,"A no-cost extension request gets denied for predictable reasons.↵↵The most common: vague justification. 'We need more time to complete project activities' is not a justification — it is a restatement of the request. Program officers look for specific external circumstances that caused the delay and evidence that the remaining work can be completed within the proposed extension.↵↵Most agencies require the NCE request at least 30 days before the period of performance end date. Many prefer 60 days. A request submitted fewer than 10 days before period end will almost always be denied on timing alone.↵↵Strong justifications cite named circumstances: a key position that was vacant from Month X to Month Y, an external disruption that suspended program delivery, a required regulatory approval that arrived later than expected. Weak ones cite internal factors like staff busyness or underestimating project complexity.↵↵The request also needs a spend-down projection showing that sufficient funds remain and a work plan mapping remaining deliverables to the extension timeline. A significant remaining balance in a budget category with no corresponding activity in the extension plan will generate questions.↵↵GrantPipe's free No-Cost Extension Request Template includes all five sections — justification, remaining work plan, spend-down projection, impact statement, and a submission checklist broken down by federal agency (NIH, NSF, HHS, DOL, DOEd, HUD, and private foundations).","#grantmanagement #federalgrants #nonprofitfinance #grantscompliance",apps/site/src/content/lead-magnets/no-cost-extension-request-template.md,no
2026-05-29,8,HOW_TO,"The compliance obligation for a federal grant begins at award acceptance and does not end at the final report.↵↵Four things every grant compliance system must demonstrate at any point during the grant period:↵↵That restricted funds are being spent on approved activities. This is not something to reconstruct at report time — it must be visible continuously through real-time fund balance tracking.↵↵That costs are allowable and adequately documented. Under 2 CFR Part 200.403, a cost must be necessary and reasonable, allocable to the grant activity, and adequately documented. For personnel costs, that means contemporaneous time records for each pay period showing the grant allocation — not reconstructed estimates.↵↵That required reports were submitted on time. Missing a reporting deadline is a compliance finding independent of whether the underlying spending was compliant. Late federal reports can also delay drawdown from the Payment Management System.↵↵That records are retained for the required period. Federal grants require a minimum of three years from submission of the final expenditure report under 2 CFR 200.334. Some programs specify longer. Records must be organized for reconstruction by someone unfamiliar with the grant, years after closeout.↵↵Generic accounting software handles the general ledger. Grant compliance software handles the grant-level obligations that the ledger cannot produce — budget vs. actual by individual grant, funder-formatted reports, and documentation organized at the transaction level.↵↵What is your organization's current approach to the documentation layer?","#grantcompliance #2cfr200 #federalgrants #nonprofitoperations",apps/site/src/content/guides/grant-compliance-software-for-nonprofits.md,no
2026-05-29,9,LIST_POST,"Evaluating a nonprofit CRM: five tradeoffs worth writing down before the demo.↵↵Grant management coverage. Most CRMs — HubSpot, Bloomerang, Little Green Light — record a grant as a contribution entry. None of them manage post-award compliance: restricted fund tracking, funder-formatted reports, or budget-vs-actual by grant. Bloomerang starts at $125/month with no grant features at any tier. If grant income is operationally significant, this gap defines the evaluation.↵↵Pricing structure under growth. Bloomerang's pricing scales with constituent records — the cost increases as the database grows, which penalizes an organization for successful development. Little Green Light uses the same per-record model. Flat-rate pricing (HubSpot's paid tiers, GrantPipe at $329–$1,079/month) is more predictable.↵↵Implementation cost on nominally free options. Salesforce's TechSoup program provides 10 free licenses but not a functional CRM. Implementation, configuration, and training run $30,000–$100,000 before the system is usable. The license cost is zero; the total cost of deployment is not.↵↵What the free tier actually includes. HubSpot's free tier provides unlimited contacts with no time limit — the only genuinely free nonprofit CRM option. The free tier excludes advanced reporting, sequences, and most automation. Evaluate whether the free-tier capabilities match your actual daily workflow, not the capabilities you anticipate needing later.↵↵Reporting workflow fit. The right filter is not feature count. It is whether the system supports the handoff between development, finance, and executive reporting without requiring an additional spreadsheet layer. A platform that looks inexpensive in a comparison table can generate weekly cleanup work if staff need exports or manual reconciliations to produce a funder report.","#nonprofitcrm #nonprofitsoftware #grantsmanagement #donormanagement",apps/site/src/content/listicles/free-nonprofit-crm.md,no
2026-05-29,10,HOW_TO,"Food banks receiving USDA TEFAP funds report up through the state distributing agency (SDA), which files Form FNS-667 with USDA Food and Nutrition Service.↵↵The local food bank's job is not to file FNS-667 — it is to maintain the source records the SDA needs to file accurately, and to survive the monitoring visit that the SDA and single auditors conduct.↵↵Four records drive every TEFAP compliance determination: the commodity receipt log, the household distribution log, the subrecipient transfer log, and the loss and adjustment report. Every TEFAP finding in a single audit traces back to a gap in those four documents.↵↵The month-end reconciliation equation: beginning inventory + SDA receipts + other USDA receipts − distributions to households − transfers to subrecipient agencies − documented losses = ending inventory. State tolerance for unexplained variances is typically 1%, though state plans vary. A 12% variance with no documented cause is a finding and typically a repayment demand at the USDA-published per-pound valuation.↵↵TEFAP commodity value counts as federal award expenditure at the USDA-published per-pound valuation and counts toward the $1,000,000 single audit threshold under 2 CFR 200.501. A mid-sized food bank receiving commodity allocations may push over the threshold without receiving a single dollar of cash administrative funds.↵↵Regional food banks distributing to partner pantries are pass-through entities under 2 CFR 200.332. Inadequate records at a partner pantry generate a finding against the regional food bank.↵↵GrantPipe tracks restricted fund balances, grant reporting calendars, and audit-ready activity logs — built for food banks managing TEFAP alongside foundation and government grants. Start a free trial at grantpipe.com.","#TEFAP #foodbanks #federalgrants #singleaudit #grantcompliance",apps/site/src/content/guides/food-banks-usda-tefap-reporting-guide.md,yes
