id,date,time,kind,slot,type,sourceFile,titleOrHook,status
2026-04-29-post-01,2026-04-29,05:13,post,1,STAT_BOMB,linkedin-output/2026-04-29/posts.md,"Audit fees for organizations stuck at the 40 percent major-program coverage threshold typically run $8,000 to $20,000 higher per cycle than for comparable low-risk auditees.",scheduled
2026-04-29-post-02,2026-04-29,06:37,post,2,MYTH_BUSTER,linkedin-output/2026-04-29/posts.md,Myth: interest earned on a federal advance drawdown counts as program income.,scheduled
2026-04-29-post-03,2026-04-29,08:01,post,3,WORKFLOW_STEP,linkedin-output/2026-04-29/posts.md,Steps 5 and 6 of the in-kind contribution valuation workflow are where most organizations create their next audit finding.,scheduled
2026-04-29-post-04,2026-04-29,09:25,post,4,TERM_EXPLAINED,linkedin-output/2026-04-29/posts.md,"Pass-through entity, defined at 2 CFR 200.1: a non-federal entity that receives a federal award and provides a sub-award to a subrecipient that carries out part of the federal program.",scheduled
2026-04-29-post-05,2026-04-29,10:49,post,5,TOOL_TEARDOWN,linkedin-output/2026-04-29/posts.md,"Neon One is not a single product. It is a portfolio assembled through acquisition: Neon CRM at the center, Arts People for arts organizations, Rallybound for peer-to-peer, and a few others stacked around them.",scheduled
2026-04-29-post-06,2026-04-29,12:13,post,6,VERTICAL_HOOK,linkedin-output/2026-04-29/posts.md,"Church donor management runs on a weekly cadence — tithes, offerings, designated gifts — not the quarterly cycle most nonprofit CRMs assume.",scheduled
2026-04-29-post-07,2026-04-29,13:37,post,7,FREE_RESOURCE,linkedin-output/2026-04-29/posts.md,A sub-award that is missing a required provision is a compliance finding even when the program runs perfectly.,scheduled
2026-04-29-post-08,2026-04-29,15:01,post,8,COMPARISON_INSIGHT,linkedin-output/2026-04-29/posts.md,"Little Green Light at $45 to $200 per month versus GrantPipe at $329 to $1,079. The right answer depends on one variable: do you actively manage federal or foundation grants, or just donors.",scheduled
2026-04-29-article,2026-04-29,16:25,article,,ARTICLE,linkedin-output/2026-04-29/article.md,"What 5,000+ Nonprofit CRM Reviews Actually Tell Buyers in 2026",pending
2026-04-29-post-09,2026-04-29,17:49,post,9,QUESTION_POST,linkedin-output/2026-04-29/posts.md,"A grant writer starts the year with 30 to 50 prospects on a spreadsheet. By Q2 the deadlines have shifted, two program officers have changed jobs, the organization has pivoted one program, and the spreadsheet has not kept up.",scheduled
2026-04-29-post-10,2026-04-29,19:13,post,10,PRODUCT_INSIGHT,linkedin-output/2026-04-29/posts.md,"The average mid-sized nonprofit uses three donor segments — everyone, major donors, and lapsed donors. Organizations with strong retention programs use fifteen or more.",scheduled
2026-04-30-post-01,2026-04-30,05:13,post,1,STAT_BOMB,linkedin-output/2026-04-30/posts.md,"The nonprofit CRM market reached $846 million in 2025, and 48% of nonprofits are actively considering switching platforms in the next 12 months — up from 10% the year before.",scheduled
2026-04-30-post-02,2026-04-30,06:37,post,2,MYTH_BUSTER,linkedin-output/2026-04-30/posts.md,"Myth: software marketed as ""grant tracking"" handles post-award compliance.",scheduled
2026-04-30-post-03,2026-04-30,08:01,post,3,WORKFLOW_STEP,linkedin-output/2026-04-30/posts.md,Step 4 of responding to a Single Audit finding: draft the Corrective Action Plan with all five required elements under 2 CFR 200.511(c).,scheduled
2026-04-30-post-04,2026-04-30,09:25,post,4,TERM_EXPLAINED,linkedin-output/2026-04-30/posts.md,"The Unique Entity Identifier is a 12-character alphanumeric code assigned by SAM.gov. It replaced DUNS effective April 4, 2022.",scheduled
2026-04-30-post-05,2026-04-30,10:49,post,5,TOOL_TEARDOWN,linkedin-output/2026-04-30/posts.md,"Bloomerang Standard runs $125 per month for up to 1,000 records and Pro runs $249 per month for up to 5,000. Capterra puts it at 4.66 out of 5 across more than 1,286 reviews — second highest in the nonprofit CRM category.",scheduled
2026-04-30-post-06,2026-04-30,12:13,post,6,VERTICAL_HOOK,linkedin-output/2026-04-30/posts.md,"A church that receives a USDA Community Food Projects grant cannot spend a single grant dollar on worship services, religious instruction, or staff time supporting religious activities — even if the food pantry runs out of the same building.",scheduled
2026-04-30-post-07,2026-04-30,13:37,post,7,FREE_RESOURCE,linkedin-output/2026-04-30/posts.md,Federal grant closeout is not a single event. It starts 90 days before the period of performance ends and continues for 3 to 7 years after the grant formally closes.,scheduled
2026-04-30-post-08,2026-04-30,15:01,post,8,COMPARISON_INSIGHT,linkedin-output/2026-04-30/posts.md,Bloomerang at $125-$249 per month versus Keela at $99-$299 per month. Both target the under-$300 mid-market. Both ship modern donor CRMs. Neither handles grant compliance.,scheduled
2026-04-30-article,2026-04-30,16:25,article,,ARTICLE,linkedin-output/2026-04-30/article.md,Time and Effort Certification: The Federal Grant Compliance Step Most Nonprofits Get Wrong,pending
2026-04-30-post-09,2026-04-30,17:49,post,9,QUESTION_POST,linkedin-output/2026-04-30/posts.md,Program directors own program outcomes and the budget that funds them — usually with no formal finance training and no purpose-built tool for the budget-to-delivery connection.,scheduled
2026-04-30-post-10,2026-04-30,19:13,post,10,PRODUCT_INSIGHT,linkedin-output/2026-04-30/posts.md,"Under 2 CFR 200.430, payroll charges to federal awards must be supported by after-the-fact records reflecting actual time worked — not budget percentages. Personnel costs are 65-75% of expenditures on most human services awards and the largest single category of disallowed costs in federal Single Audits.",scheduled
2026-05-01-post-01,2026-05-01,05:13,post,1,stat_bomb,linkedin-output/2026-05-01/posts.md,"The 2024 Uniform Guidance revision raised the federal single audit threshold to $1,000,000 in federal expenditures.",scheduled
2026-05-01-post-02,2026-05-01,06:37,post,2,myth_buster,linkedin-output/2026-05-01/posts.md,Program service revenue is not unrelated business income.,scheduled
2026-05-01-post-03,2026-05-01,08:01,post,3,workflow_step,linkedin-output/2026-05-01/posts.md,"For advance federal awards, interest earned above $500 per year across all awards must be remitted annually to HHS PSC under 2 CFR 200.305(b)(9).",scheduled
2026-05-01-post-04,2026-05-01,09:25,post,4,term_explained,linkedin-output/2026-05-01/posts.md,Questioned costs.,scheduled
2026-05-01-post-05,2026-05-01,10:49,post,5,tool_teardown,linkedin-output/2026-05-01/posts.md,"Bloomerang is a well-designed donor CRM. The retention analytics, constituent timeline, and lapse-tracking tools were built around a real insight: nonprofits lose nearly half their donors every year, and retention is where development economics get solved.",scheduled
2026-05-01-post-06,2026-05-01,12:13,post,6,vertical_hook,linkedin-output/2026-05-01/posts.md,A mature Federally Qualified Health Center typically manages 15 to 20 simultaneous federal and state awards.,scheduled
2026-05-01-post-07,2026-05-01,13:37,post,7,free_resource,linkedin-output/2026-05-01/posts.md,"A grant that projects $40,000 unspent with two months remaining is not a financial planning problem. It is a compliance problem that requires action now.",scheduled
2026-05-01-post-08,2026-05-01,15:01,post,8,comparison_insight,linkedin-output/2026-05-01/posts.md,Givebutter and GrantPipe solve different problems. Putting them head to head only makes sense once you know which problem you actually have.,scheduled
2026-05-01-article,2026-05-01,16:25,article,,ARTICLE,linkedin-output/2026-05-01/article.md,"Form 990 Filing: What Mid-Sized Nonprofits Get Wrong, and How to Fix It Before May 15",pending
2026-05-01-post-09,2026-05-01,17:49,post,9,question_post,linkedin-output/2026-05-01/posts.md,"A $3M nonprofit typically runs Bloomerang for donors, QuickBooks Online for accounting, a spreadsheet for grants, Google Workspace for documents, and a separate payroll system.",scheduled
2026-05-01-post-10,2026-05-01,19:13,post,10,product_insight,linkedin-output/2026-05-01/posts.md,The board asks: how much of the Smith Foundation grant is left.,scheduled
2026-05-02-post-01,2026-05-02,05:13,post,1,STAT_BOMB,linkedin-output/2026-05-02/posts.md,"The micro-purchase threshold under 2 CFR 200.320(a)(1) is $10,000. The simplified acquisition threshold is $250,000.",scheduled
2026-05-02-post-02,2026-05-02,06:37,post,2,MYTH_BUSTER,linkedin-output/2026-05-02/posts.md,Myth: DonorPerfect handles grant compliance because it has a grant tracking module.,scheduled
2026-05-02-post-03,2026-05-02,08:01,post,3,WORKFLOW_STEP,linkedin-output/2026-05-02/posts.md,Address loan and loan guarantee programs separately on the SEFA.,scheduled
2026-05-02-post-04,2026-05-02,09:25,post,4,TERM_EXPLAINED,linkedin-output/2026-05-02/posts.md,Schedule A is the Form 990 attachment where 501(c)(3) organizations prove they qualify as a public charity under IRC Section 509(a).,scheduled
2026-05-02-post-05,2026-05-02,10:49,post,5,TOOL_TEARDOWN,linkedin-output/2026-05-02/posts.md,"Donorbox at $300,000/year in donations costs $5,250 in platform fees alone. At $400,000/year it costs $7,000.",scheduled
2026-05-02-post-06,2026-05-02,12:13,post,6,VERTICAL_HOOK,linkedin-output/2026-05-02/posts.md,The National Endowment for the Arts awarded $147 million in fiscal year 2023. State arts agencies collectively distribute around $500 million annually through state appropriations and NEA grants-to-states.,scheduled
2026-05-02-post-07,2026-05-02,13:37,post,7,FREE_RESOURCE,linkedin-output/2026-05-02/posts.md,"A loaded hourly rate calculation: annual salary divided by 2,080 hours, multiplied by 1.30 for benefits and payroll tax. A $60,000 finance coordinator costs the organization roughly $37.50 per hour.",scheduled
2026-05-02-post-08,2026-05-02,15:01,post,8,COMPARISON_INSIGHT,linkedin-output/2026-05-02/posts.md,Bloomerang starts at $125/month. Little Green Light starts at $39/month. Neither manages grants.,scheduled
2026-05-02-article,2026-05-02,16:25,article,,ARTICLE,linkedin-output/2026-05-02/article.md,SEFA Preparation Checklist: Where 80% of Single Audit Findings Originate,pending
2026-05-02-post-09,2026-05-02,17:49,post,9,QUESTION_POST,linkedin-output/2026-05-02/posts.md,"A question for executive directors at $500K-$10M nonprofits: how long does board prep currently take, and how many systems does the staff touch to assemble the packet?",manual_follow_up
2026-05-02-post-10,2026-05-02,19:13,post,10,PRODUCT_INSIGHT,linkedin-output/2026-05-02/posts.md,Approximately 30% of nonprofits with revenues over $1M operate more than one related legal entity per IRS Statistics of Income data.,scheduled
2026-05-03-post-01,2026-05-03,05:13,post,1,stat_bomb,linkedin-output/2026-05-03/posts.md,"A $50,000 grant with $10,000 in compliance overhead is a $40,000 net grant.",scheduled
2026-05-03-post-02,2026-05-03,06:37,post,2,myth_buster,linkedin-output/2026-05-03/posts.md,Myth: eCivis is the obvious choice once a nonprofit grows past spreadsheets.,scheduled
2026-05-03-post-03,2026-05-03,08:01,post,3,workflow_step,linkedin-output/2026-05-03/posts.md,"The SF-SAC has two certifications, and missing either one keeps the submission in draft.",scheduled
2026-05-03-post-04,2026-05-03,09:25,post,4,term_explained,linkedin-output/2026-05-03/posts.md,"The de minimis indirect cost rate is 15% of MTDC, raised from 10% by the 2024 Uniform Guidance revision under 2 CFR 200.414(f).",scheduled
2026-05-03-post-05,2026-05-03,10:49,post,5,tool_teardown,linkedin-output/2026-05-03/posts.md,"Neon CRM handles donors, members, and event registration in one platform — a fit for organizations running fundraising galas, membership drives, and giving days simultaneously.",scheduled
2026-05-03-post-06,2026-05-03,12:13,post,6,vertical_hook,linkedin-output/2026-05-03/posts.md,"A mid-sized homeless shelter manages 8-12 simultaneous funding streams: HUD ESG, HUD Continuum of Care, CDBG sub-allocations, state housing authority grants, county homelessness funds, United Way, and three or four foundation awards.",scheduled
2026-05-03-post-07,2026-05-03,13:37,post,7,free_resource,linkedin-output/2026-05-03/posts.md,"Most development directors at mid-sized nonprofits manage 10-30 active grants. Each grant has its own reporting schedule, format, and renewal timeline. That is 60-100 deadline events per year for an 8-funder portfolio.",scheduled
2026-05-03-post-08,2026-05-03,15:01,post,8,comparison_insight,linkedin-output/2026-05-03/posts.md,"Blackbaud vs Bloomerang is a comparison between two operating assumptions, not two products.",scheduled
2026-05-03-article,2026-05-03,16:25,article,,ARTICLE,linkedin-output/2026-05-03/article.md,How to Calculate Donor Retention Rate (With Formula and Example),pending
2026-05-03-post-09,2026-05-03,17:49,post,9,question_post,linkedin-output/2026-05-03/posts.md,"A grants manager at a mid-sized nonprofit typically owns 10 to 40 active awards across HHS, USDA, DOJ, state pass-throughs, and private foundations.",scheduled
2026-05-03-post-10,2026-05-03,19:13,post,10,product_insight,linkedin-output/2026-05-03/posts.md,NTEN's 2024 Security Survey found 46% of nonprofits reported a data breach or unauthorized access incident in the past three years. Improper access controls were the leading contributing factor.,scheduled
2026-05-04-post-01,2026-05-04,05:13,post,1,STAT_BOMB,linkedin-output/2026-05-04/posts.md,"The 2024 OMB revision raised the Single Audit threshold to $1,000,000 — effective for fiscal years ending September 30, 2025 or later.",scheduled
2026-05-04-post-02,2026-05-04,06:37,post,2,MYTH_BUSTER,linkedin-output/2026-05-04/posts.md,Myth: entering the grant award amount in your system means the award is set up.,scheduled
2026-05-04-post-03,2026-05-04,08:01,post,3,WORKFLOW_STEP,linkedin-output/2026-05-04/posts.md,Program income Step 3 under 2 CFR 200.307: establish the tracking ledger before any income-generating activity begins.,scheduled
2026-05-04-post-04,2026-05-04,09:25,post,4,TERM_EXPLAINED,linkedin-output/2026-05-04/posts.md,Net assets without donor restrictions is not the same as cash available.,scheduled
2026-05-04-post-05,2026-05-04,10:49,post,5,TOOL_TEARDOWN,linkedin-output/2026-05-04/posts.md,"Network for Good was acquired by Bonterra in 2022, alongside EveryAction, CommunityForce, and Social Solutions.",scheduled
2026-05-04-post-06,2026-05-04,12:13,post,6,VERTICAL_HOOK,linkedin-output/2026-05-04/posts.md,VAWA grantees cannot maintain grant files that link identifiable survivor information to service records accessible to outside reviewers.,scheduled
2026-05-04-post-07,2026-05-04,13:37,post,7,FREE_RESOURCE,linkedin-output/2026-05-04/posts.md,"Grant compliance failures happen after the award, not during the application.",scheduled
2026-05-04-post-08,2026-05-04,15:01,post,8,COMPARISON_INSIGHT,linkedin-output/2026-05-04/posts.md,Keela ($99–$299/month) and Bloomerang ($125–$249/month) compete directly in the mid-market nonprofit CRM space. Both are cloud-native. Both position as simpler alternatives to Salesforce and Blackbaud.,scheduled
2026-05-04-article,2026-05-04,16:25,article,,ARTICLE,linkedin-output/2026-05-04/article.md,Net Asset Releases: The Accounting Entry Nonprofits Most Often Get Wrong,pending
2026-05-04-post-09,2026-05-04,17:49,post,9,QUESTION_POST,linkedin-output/2026-05-04/posts.md,Development directors at $2M–$10M nonprofits typically carry 40 to 120 major donor prospects in active moves management alongside 8 to 25 active grants at any given time.,scheduled
2026-05-04-post-10,2026-05-04,19:13,post,10,PRODUCT_INSIGHT,linkedin-output/2026-05-04/posts.md,"Foundations cite inconsistent reporting compliance as the most common non-programmatic reason for declining grant renewals, according to a 2023 Candid funder survey.",scheduled
2026-05-05-post-01,2026-05-05,05:13,post,1,STAT_BOMB,linkedin-output/2026-05-05/posts.md,Salesforce licensing is 5–15% of what mid-sized nonprofits actually pay to run it.,scheduled
2026-05-05-post-02,2026-05-05,06:37,post,2,MYTH_BUSTER,linkedin-output/2026-05-05/posts.md,"""We manage grants in spreadsheets and it works fine.""",scheduled
2026-05-05-post-03,2026-05-05,08:01,post,3,WORKFLOW_STEP,linkedin-output/2026-05-05/posts.md,A Single Audit finding is not a disaster. A weak Corrective Action Plan response is.,scheduled
2026-05-05-post-04,2026-05-05,09:25,post,4,TERM_EXPLAINED,linkedin-output/2026-05-05/posts.md,Matching funds: the term nonprofits misunderstand most often.,scheduled
2026-05-05-post-05,2026-05-05,10:49,post,5,TOOL_TEARDOWN,linkedin-output/2026-05-05/posts.md,Classy is a fundraising platform. GoFundMe acquired it in 2022 for $484 million.,scheduled
2026-05-05-post-06,2026-05-05,12:13,post,6,VERTICAL_HOOK,linkedin-output/2026-05-05/posts.md,WIOA requires tracking employment outcomes at the 2nd and 4th quarter after program exit.,scheduled
2026-05-05-post-07,2026-05-05,13:37,post,7,FREE_RESOURCE,linkedin-output/2026-05-05/posts.md,"Single audit preparation takes months, not the two weeks before fieldwork most organizations actually use.",scheduled
2026-05-05-post-08,2026-05-05,15:01,post,8,COMPARISON_INSIGHT,linkedin-output/2026-05-05/posts.md,Neon CRM opens lower, while GrantPipe starts at $329/month. The gap appears when you activate what you actually need.,scheduled
2026-05-05-article,2026-05-05,16:25,article,,ARTICLE,linkedin-output/2026-05-05/article.md,The SF-SAC Dual-Signature Trap: Why Single Audits Sit Unfiled Past the 30-Day Deadline,pending
2026-05-05-post-09,2026-05-05,17:49,post,9,LIST_POST,linkedin-output/2026-05-05/posts.md,Five signs your nonprofit's restricted fund tracking is creating audit risk:,scheduled
2026-05-05-post-10,2026-05-05,19:13,post,10,PRODUCT_INSIGHT,linkedin-output/2026-05-05/posts.md,Funder reports are late almost never because the deadline was missed. They are late because assembly takes longer than the reporting window.,scheduled
2026-05-06-post-01,2026-05-06,05:13,post,1,STAT_BOMB,linkedin-output/2026-05-06/posts.md,"1,400 Section 330 grantees served 31.5 million patients in 2023 — each one subject to 19 program requirements, an annual UDS report due February 15, and an Operational Site Visit that tests all three compliance systems simultaneously.",scheduled
2026-05-06-post-02,2026-05-06,06:37,post,2,MYTH_BUSTER,linkedin-output/2026-05-06/posts.md,"eCivis is not a nonprofit CRM — it is a government grants administration platform, and the distinction matters before you sign a contract.",scheduled
2026-05-06-post-03,2026-05-06,08:01,post,3,WORKFLOW_STEP,linkedin-output/2026-05-06/posts.md,"Booking a pledge write-off as bad debt expense is one of the most common accounting errors in nonprofit finance — and under FASB ASC 958, it is wrong.",scheduled
2026-05-06-post-04,2026-05-06,09:25,post,4,TERM_EXPLAINED,linkedin-output/2026-05-06/posts.md,"The SF-425 Federal Financial Report is not a routine form. It is a compliance obligation submitted under the False Claims Act, and one specific error accounts for most of the findings it generates.",scheduled
2026-05-06-post-05,2026-05-06,10:49,post,5,TOOL_TEARDOWN,linkedin-output/2026-05-06/posts.md,DonorPerfect has a 93 percent customer retention rate and an average customer tenure of 13 years. Those numbers are real. They also explain why the pricing and feature gaps do not get fixed faster.,scheduled
2026-05-06-post-06,2026-05-06,12:13,post,6,VERTICAL_HOOK,linkedin-output/2026-05-06/posts.md,"USDA Rural Development administers over $20 billion in loans, loan guarantees, and grants annually across three mission areas — and each program has its own authorizing statute, compliance requirements, and eligible activity definitions.",scheduled
2026-05-06-post-07,2026-05-06,13:37,post,7,FREE_RESOURCE,linkedin-output/2026-05-06/posts.md,CRM migrations fail at the field mapping step or the data quality step — not the software step.,scheduled
2026-05-06-post-08,2026-05-06,15:01,post,8,COMPARISON_INSIGHT,linkedin-output/2026-05-06/posts.md,Keela and Little Green Light occupy the same tier of the nonprofit CRM market and solve different versions of the same problem. The decision is simpler than most comparison posts make it.,scheduled
2026-05-06-article,2026-05-06,16:25,article,,ARTICLE,linkedin-output/2026-05-06/article.md,How to Justify Nonprofit Software Costs to Your Board,pending
2026-05-06-post-09,2026-05-06,17:49,post,9,LIST_POST,linkedin-output/2026-05-06/posts.md,10 nonprofit CRMs evaluated for grant management. Most of the list disqualifies itself in one sentence.,scheduled
2026-05-06-post-10,2026-05-06,19:13,post,10,PRODUCT_INSIGHT,linkedin-output/2026-05-06/posts.md,The AFP Fundraising Effectiveness Project reports overall donor retention at approximately 43 percent sector-wide. New-donor retention runs around 20 to 25 percent. The gap between those two numbers is where most development programs leak.,scheduled
2026-05-07-post-01,2026-05-07,05:13,post,1,STAT_BOMB,linkedin-output/2026-05-07/posts.md,Salesforce licensing is only 5-15% of what a nonprofit actually spends on the platform.,scheduled
2026-05-07-post-02,2026-05-07,06:37,post,2,MYTH_BUSTER,linkedin-output/2026-05-07/posts.md,Myth: a nonprofit on cash-basis books can report to federal agencies the same way it reports internally.,scheduled
2026-05-07-post-03,2026-05-07,08:01,post,3,WORKFLOW_STEP,linkedin-output/2026-05-07/posts.md,A post-closeout cost transfer on a federal grant requires written authorization from the awarding agency before any journal entry is booked.,scheduled
2026-05-07-post-04,2026-05-07,09:25,post,4,TERM_EXPLAINED,linkedin-output/2026-05-07/posts.md,"Post-award grant management is not the glamorous half of the grants function. Pre-award — prospecting, writing, submitting — has a clear narrative arc. Post-award is the operational discipline that runs quietly in the background for months or years.",scheduled
2026-05-07-post-05,2026-05-07,10:49,post,5,TOOL_TEARDOWN,linkedin-output/2026-05-07/posts.md,"Instrumentl's entry plan starts at $299/month on annual billing. That is the Discover tier: grant discovery, funder research profiles, deadline tracking, and a starter pipeline for up to 3 users.",scheduled
2026-05-07-post-06,2026-05-07,12:13,post,6,VERTICAL_HOOK,linkedin-output/2026-05-07/posts.md,After-school nonprofits managing 21st Century Community Learning Centers grants face a quarterly reporting requirement that no standard donor CRM or general-purpose accounting system was built to handle.,scheduled
2026-05-07-post-07,2026-05-07,13:37,post,7,FREE_RESOURCE,linkedin-output/2026-05-07/posts.md,The SF-425 Federal Financial Report is not complicated. It becomes complicated when the person completing it is working from incomplete data.,scheduled
2026-05-07-post-08,2026-05-07,15:01,post,8,COMPARISON_INSIGHT,linkedin-output/2026-05-07/posts.md,"""Grant management software"" describes two different products solving opposite problems, and buyers confuse them constantly.",scheduled
2026-05-07-article,2026-05-07,16:25,article,,ARTICLE,linkedin-output/2026-05-07/article.md,How to Build a Grant Prospecting Workflow That Does Not Waste Staff Time,pending
2026-05-07-post-09,2026-05-07,17:49,post,9,LIST_POST,linkedin-output/2026-05-07/posts.md,"Five things to confirm before committing to a grant management platform — from a development director's daily workflow, not a feature checklist.",scheduled
2026-05-07-post-10,2026-05-07,19:13,post,10,PRODUCT_INSIGHT,linkedin-output/2026-05-07/posts.md,"DAF giving now accounts for approximately 22% of all individual giving in the US, with Fidelity Charitable, Schwab Charitable, and Vanguard Charitable together distributing over $25 billion annually.",scheduled
2026-05-08-post-01,2026-05-08,05:13,post,1,STAT_BOMB,linkedin-output/2026-05-08/posts.md,The median nonprofit spends 30+ hours of cumulative staff time managing compliance for a single grant.,scheduled
2026-05-08-post-02,2026-05-08,06:37,post,2,MYTH_BUSTER,linkedin-output/2026-05-08/posts.md,"Myth: if a cost is in the grant budget, it is allowable on a federal award.",scheduled
2026-05-08-post-03,2026-05-08,08:01,post,3,WORKFLOW_STEP,linkedin-output/2026-05-08/posts.md,The most common subaward budget modification error is not forgetting to file paperwork. It is approving a change before checking who actually has the authority to approve it.,scheduled
2026-05-08-post-04,2026-05-08,09:25,post,4,TERM_EXPLAINED,linkedin-output/2026-05-08/posts.md,The OMB Compliance Supplement is the document auditors use to decide what to test in your federal programs. Most nonprofit staff have never read it.,scheduled
2026-05-08-post-05,2026-05-08,10:49,post,5,TOOL_TEARDOWN,linkedin-output/2026-05-08/posts.md,"Kindful was acquired by Bloomerang in June 2021. Since then, active product development has moved to the Bloomerang platform. Kindful receives maintenance support. It does not receive new features.",scheduled
2026-05-08-post-06,2026-05-08,12:13,post,6,VERTICAL_HOOK,linkedin-output/2026-05-08/posts.md,"EPA awarded approximately $3.6 billion in environmental justice grants under the Inflation Reduction Act. Individual nonprofit grants ranged from $100,000 to $20 million.",scheduled
2026-05-08-post-07,2026-05-08,13:37,post,7,FREE_RESOURCE,linkedin-output/2026-05-08/posts.md,"Before issuing a sub-award, the first question to answer in writing is: is this organization a subrecipient or a contractor?",scheduled
2026-05-08-post-08,2026-05-08,15:01,post,8,COMPARISON_INSIGHT,linkedin-output/2026-05-08/posts.md,"Salesforce's Power of Us program provides 10 free Enterprise Edition licenses to qualifying nonprofits. Those licenses are the beginning of the cost, not the summary of it.",scheduled
2026-05-08-article,2026-05-08,16:25,article,,ARTICLE,linkedin-output/2026-05-08/article.md,What Donor Retention Reports Should Actually Tell Your Board,pending
2026-05-08-post-09,2026-05-08,17:49,post,9,LIST_POST,linkedin-output/2026-05-08/posts.md,Five questions that separate self-serve donor management platforms from ones that sound self-serve until you try to run them:,scheduled
2026-05-08-post-10,2026-05-08,19:13,post,10,PRODUCT_INSIGHT,linkedin-output/2026-05-08/posts.md,Data migration is cited as the top barrier to CRM adoption by 44% of nonprofits that have delayed a software switch — per the Idealware/NTEN State of Nonprofit Data report.,scheduled
2026-05-09-post-01,2026-05-09,05:13,post,1,STAT_BOMB,linkedin-output/2026-05-09/posts.md,A 30% excise tax applies to the shortfall when a private foundation misses its 5% minimum distribution — and a 100% corrective tax hits if the undistributed income is not distributed in the following year.,scheduled
2026-05-09-post-02,2026-05-09,06:37,post,2,MYTH_BUSTER,linkedin-output/2026-05-09/posts.md,Myth: Foundant GLM and GrantHub are the same product for different users.,scheduled
2026-05-09-post-03,2026-05-09,08:01,post,3,WORKFLOW_STEP,linkedin-output/2026-05-09/posts.md,A donor refund in January for a December gift does not just affect the payment processor. It affects the donor's prior-year charitable deduction.,scheduled
2026-05-09-post-04,2026-05-09,09:25,post,4,TERM_EXPLAINED,linkedin-output/2026-05-09/posts.md,"""Management decision"" has a specific legal meaning in federal grant compliance that differs from ordinary usage.",scheduled
2026-05-09-post-05,2026-05-09,10:49,post,5,TOOL_TEARDOWN,linkedin-output/2026-05-09/posts.md,"Little Green Light starts at $39/month for up to 2,500 records. For an all-volunteer organization tracking individual donations, it does what it says it does.",scheduled
2026-05-09-post-06,2026-05-09,12:13,post,6,VERTICAL_HOOK,linkedin-output/2026-05-09/posts.md,"A mid-sized veterans service organization may simultaneously manage VA SSVF grants, DOL Homeless Veterans Reintegration Program funding, and HUD-VASH service contracts — each with different compliance frameworks, performance metrics, and audit standards.",scheduled
2026-05-09-post-07,2026-05-09,13:37,post,7,FREE_RESOURCE,linkedin-output/2026-05-09/posts.md,"The five document categories auditors request most often from grant files, in order of frequency:",scheduled
2026-05-09-post-08,2026-05-09,15:01,post,8,COMPARISON_INSIGHT,linkedin-output/2026-05-09/posts.md,"Salesforce Nonprofit Cloud's 3-year total cost of ownership for a mid-sized nonprofit runs $75,000 to $275,000. Blackbaud Raiser's Edge NXT starts at $5,000 to $15,000 per year on multi-year contracts with opaque pricing and common annual increases.",scheduled
2026-05-09-article,2026-05-09,16:25,article,,ARTICLE,linkedin-output/2026-05-09/article.md,Restricted Fund Tracking: Where Nonprofits Lose Control and What to Do About It,pending
2026-05-09-post-09,2026-05-09,17:49,post,9,LIST_POST,linkedin-output/2026-05-09/posts.md,Five questions that separate a grant compliance system from a grant tracking tool:,scheduled
2026-05-09-post-10,2026-05-09,19:13,post,10,PRODUCT_INSIGHT,linkedin-output/2026-05-09/posts.md,"When an auditor samples ten grant expenditures, the question is always the same: who approved this allocation, when, and what did it look like before the change?",scheduled
2026-05-10-post-01,2026-05-10,05:13,post,1,STAT_BOMB,linkedin-output/2026-05-10/posts.md,$1.17 trillion in federal award spending from 2017–2021 was linked to audit findings that were both severe and persistent — roughly 17% of all federal award spending during that period.,scheduled
2026-05-10-post-02,2026-05-10,06:37,post,2,MYTH_BUSTER,linkedin-output/2026-05-10/posts.md,"Myth: ""Our CRM handles grants, so we're covered.""",scheduled
2026-05-10-post-03,2026-05-10,08:01,post,3,WORKFLOW_STEP,linkedin-output/2026-05-10/posts.md,"Under 2 CFR 200.430, employees on multiple federal awards cannot use semi-annual time certification — but most organizations apply it to them anyway.",scheduled
2026-05-10-post-04,2026-05-10,09:25,post,4,TERM_EXPLAINED,linkedin-output/2026-05-10/posts.md,Form 990 is a public document. That sentence changes how you should think about filing it.,scheduled
2026-05-10-post-05,2026-05-10,10:49,post,5,TOOL_TEARDOWN,linkedin-output/2026-05-10/posts.md,HubSpot's free CRM is a functional contact management tool. It is not a grant compliance system — and the distinction matters the moment your organization receives a restricted grant.,scheduled
2026-05-10-post-06,2026-05-10,12:13,post,6,VERTICAL_HOOK,linkedin-output/2026-05-10/posts.md,"A youth program managing 21st Century Community Learning Centers funds, an AmeriCorps grant, and two foundation grants is operating four separate compliance frameworks simultaneously.",scheduled
2026-05-10-post-07,2026-05-10,13:37,post,7,FREE_RESOURCE,linkedin-output/2026-05-10/posts.md,A grant reporting deadline tracked only by due date is a deadline that will eventually be missed.,scheduled
2026-05-10-post-08,2026-05-10,15:01,post,8,COMPARISON_INSIGHT,linkedin-output/2026-05-10/posts.md,"AmpliFund's typical annual cost is $15,000–$60,000 based on public procurement records. GrantPipe is $329–$1,079 per month flat SaaS. These are not competing price points — they signal different target customers.",scheduled
2026-05-10-article,2026-05-10,16:25,article,,ARTICLE,linkedin-output/2026-05-10/article.md,The Nonprofit Integration Tax: What Five Disconnected Systems Actually Cost,pending
2026-05-10-post-09,2026-05-10,17:49,post,9,LIST_POST,linkedin-output/2026-05-10/posts.md,Five federal grant compliance tasks that most grant tracking software does not handle — and where the audit findings originate.,scheduled
2026-05-10-post-10,2026-05-10,19:13,post,10,HOW_TO,linkedin-output/2026-05-10/posts.md,How to request a no-cost extension on a federal grant. Eight steps.,scheduled
2026-05-11-post-01,2026-05-11,05:13,post,1,STAT_BOMB,linkedin-output/2026-05-11/posts.md,Only 33.3% of nonprofits rate their current CRM as effective — 20.1% call it outright ineffective.,scheduled
2026-05-11-post-02,2026-05-11,06:37,post,2,MYTH_BUSTER,linkedin-output/2026-05-11/posts.md,"Myth: if a CRM has a ""grants"" tab, it handles grant management.",scheduled
2026-05-11-post-03,2026-05-11,08:01,post,3,WORKFLOW_STEP,linkedin-output/2026-05-11/posts.md,"Under 2 CFR 200.430, posting payroll at the budgeted percentage and reconciling annually creates a full year of questioned costs if actual time differed from the budget.",scheduled
2026-05-11-post-04,2026-05-11,09:25,post,4,TERM_EXPLAINED,linkedin-output/2026-05-11/posts.md,A subaward is not a contract. That distinction determines whether your organization has subrecipient monitoring obligations that go far beyond vendor management.,scheduled
2026-05-11-post-05,2026-05-11,10:49,post,5,TOOL_TEARDOWN,linkedin-output/2026-05-11/posts.md,"Bloomerang starts at $125/month for up to 1,000 records. At 1,001 records, the bill becomes $166. At 5,001 records, it becomes $249.",scheduled
2026-05-11-post-06,2026-05-11,12:13,post,6,VERTICAL_HOOK,linkedin-output/2026-05-11/posts.md,"Grant-funded nonprofits answer to multiple audiences at the same time: funders want budget and outcome reports, boards want restricted vs. available resource visibility, and auditors need transaction-level support.",scheduled
2026-05-11-post-07,2026-05-11,13:37,post,7,FREE_RESOURCE,linkedin-output/2026-05-11/posts.md,"SEFA errors that appear at the start of a single audit — missing awards, misclassified cluster programs, period-of-performance mismatches — are almost always preventable.",scheduled
2026-05-11-post-08,2026-05-11,15:01,post,8,COMPARISON_INSIGHT,linkedin-output/2026-05-11/posts.md,Choosing between GrantPipe and Salesforce Nonprofit is a buy-versus-build decision disguised as a software comparison.,scheduled
2026-05-11-article,2026-05-11,16:25,article,,ARTICLE,linkedin-output/2026-05-11/article.md,The Real Cost of Salesforce for Nonprofits: What the Pricing Page Cannot Tell You,pending
2026-05-11-post-09,2026-05-11,17:49,post,9,LIST_POST,linkedin-output/2026-05-11/posts.md,"Five nonprofit CRMs, one honest ranking for small and mid-sized organizations in 2026.",scheduled
2026-05-11-post-10,2026-05-11,19:13,post,10,HOW_TO,linkedin-output/2026-05-11/posts.md,"California nonprofits registered with the Attorney General's Registry of Charities and Fundraisers file Form RRF-1 every year. For calendar-year filers, the deadline is May 15 — four months and fifteen days after fiscal year end.",scheduled
2026-05-12-post-01,2026-05-12,05:13,post,1,STAT_BOMB,linkedin-output/2026-05-12/posts.md,"Federal grants require record retention for 3 years from the date you submit the final expenditure report — not from the award end date, not from the last payment.",scheduled
2026-05-12-post-02,2026-05-12,06:37,post,2,MYTH_BUSTER,linkedin-output/2026-05-12/posts.md,"""Givebutter is free"" — that is true for the platform. It is not true for the transaction.",scheduled
2026-05-12-post-03,2026-05-12,08:01,post,3,WORKFLOW_STEP,linkedin-output/2026-05-12/posts.md,Most organizations updated their in-kind journal entries after ASU 2020-07. Very few updated their financial statement footnotes.,scheduled
2026-05-12-post-04,2026-05-12,09:25,post,4,TERM_EXPLAINED,linkedin-output/2026-05-12/posts.md,Grant budget carryover is not automatic. That is the part most organizations learn the hard way.,scheduled
2026-05-12-post-05,2026-05-12,10:49,post,5,TOOL_TEARDOWN,linkedin-output/2026-05-12/posts.md,DonorPerfect does not publish prices. All three tiers require a custom quote.,scheduled
2026-05-12-post-06,2026-05-12,12:13,post,6,VERTICAL_HOOK,linkedin-output/2026-05-12/posts.md,"Head Start grants run on five-year designation cycles. At the end of each cycle, grantees with significant deficiencies face re-competition — meaning they must compete against other organizations for the right to continue operating the program.",scheduled
2026-05-12-post-07,2026-05-12,13:37,post,7,FREE_RESOURCE,linkedin-output/2026-05-12/posts.md,"48% of nonprofits are considering switching CRMs within the next 12 months, according to Omatic's 2025 survey of 600+ respondents.",scheduled
2026-05-12-post-08,2026-05-12,15:01,post,8,COMPARISON_INSIGHT,linkedin-output/2026-05-12/posts.md,GrantPipe and Instrumentl are not competing products in any useful sense. They solve different workflow problems.,scheduled
2026-05-12-article,2026-05-12,16:25,article,,ARTICLE,linkedin-output/2026-05-12/article.md,New York CHAR500: What Nonprofit Finance Staff Need to Know Before May 15,pending
2026-05-12-post-09,2026-05-12,17:49,post,9,LIST_POST,linkedin-output/2026-05-12/posts.md,"Six nonprofit CRMs compared on the question that actually matters for mid-sized organizations: does it handle grant compliance, or does it require a second system?",pending
2026-05-12-post-10,2026-05-12,19:13,post,10,HOW_TO,linkedin-output/2026-05-12/posts.md,How to migrate away from Salesforce NPSP without overpaying for the transition.,pending
2026-05-13-post-01,2026-05-13,05:13,post,1,STAT_BOMB,linkedin-output/2026-05-13/posts.md,79% of nonprofits now run five or more third-party systems on top of their main CRM.,pending
2026-05-13-post-02,2026-05-13,06:37,post,2,MYTH_BUSTER,linkedin-output/2026-05-13/posts.md,Winning a grant is not the end of a process. It is the start of a multi-year compliance obligation.,pending
2026-05-13-post-03,2026-05-13,08:01,post,3,WORKFLOW_STEP,linkedin-output/2026-05-13/posts.md,Every Single Audit finding requires a written Corrective Action Plan under 2 CFR 200.511(c).,pending
2026-05-13-post-04,2026-05-13,09:25,post,4,TERM_EXPLAINED,linkedin-output/2026-05-13/posts.md,Voluntary committed cost share is the cost share trap most nonprofits do not see until they are in an audit.,pending
2026-05-13-post-05,2026-05-13,10:49,post,5,TOOL_TEARDOWN,linkedin-output/2026-05-13/posts.md,"Qgiv was acquired by Bloomerang in 2024. If you are evaluating Qgiv today, you are evaluating Bloomerang's product direction, not an independent platform.",pending
2026-05-13-post-06,2026-05-13,12:13,post,6,VERTICAL_HOOK,linkedin-output/2026-05-13/posts.md,Mental health nonprofits managing SAMHSA grants and CCBHC program funding face a compliance problem that most grant software does not model: the same service cost cannot be claimed to both federal grant funding and Medicaid billing simultaneously.,pending
2026-05-13-post-07,2026-05-13,13:37,post,7,FREE_RESOURCE,linkedin-output/2026-05-13/posts.md,"Release-from-restriction is one of the most frequently mishandled events in nonprofit accounting — and the error is almost always about timing, not intent.",pending
2026-05-13-post-08,2026-05-13,15:01,post,8,COMPARISON_INSIGHT,linkedin-output/2026-05-13/posts.md,GrantPipe versus Foundant GLM is not a close comparison for most mid-sized nonprofits — they solve different problems.,pending
2026-05-13-article,2026-05-13,16:25,article,,ARTICLE,linkedin-output/2026-05-13/article.md,Why Most Nonprofit CRM Migrations Fail Before They Start,pending
2026-05-13-post-09,2026-05-13,17:49,post,9,LIST_POST,linkedin-output/2026-05-13/posts.md,Five things executive directors need from grant tracking software that development directors do not.,pending
2026-05-13-post-10,2026-05-13,19:13,post,10,HOW_TO,linkedin-output/2026-05-13/posts.md,Michigan nonprofits soliciting contributions need two separate registrations current to stay compliant — and the agencies involved do not communicate with each other.,pending
2026-05-14-post-01,2026-05-14,05:13,post,1,STAT_BOMB,linkedin-output/2026-05-14/posts.md,"Procurement deficiencies are among the top 10 compliance findings in HHS, DOE, and DOJ-funded single audits every year — and the most common specific finding is inadequate competition documentation.",pending
2026-05-14-post-02,2026-05-14,06:37,post,2,MYTH_BUSTER,linkedin-output/2026-05-14/posts.md,Bloomerang has grant fields. That does not mean it handles grant compliance.,pending
2026-05-14-post-03,2026-05-14,08:01,post,3,WORKFLOW_STEP,linkedin-output/2026-05-14/posts.md,The most common pledge accounting error is not the math. It is the classification.,pending
2026-05-14-post-04,2026-05-14,09:25,post,4,TERM_EXPLAINED,linkedin-output/2026-05-14/posts.md,The difference between a grant pipeline and a grant portfolio matters operationally.,pending
2026-05-14-post-05,2026-05-14,10:49,post,5,TOOL_TEARDOWN,linkedin-output/2026-05-14/posts.md,"Foundant GrantHub starts at approximately $2,995 per year, per Capterra. That is one of the few published prices in the grant management category — most competitors require a sales call to get a number.",pending
2026-05-14-post-06,2026-05-14,12:13,post,6,VERTICAL_HOOK,linkedin-output/2026-05-14/posts.md,"Charter schools receiving ESSER III funds had a spend-down deadline of September 30, 2024. Schools that could not document expenditures by that date face recoupment from state agencies.",pending
2026-05-14-post-07,2026-05-14,13:37,post,7,FREE_RESOURCE,linkedin-output/2026-05-14/posts.md,A restricted fund tracking spreadsheet works until it does not. Knowing which point that is matters.,pending
2026-05-14-post-08,2026-05-14,15:01,post,8,COMPARISON_INSIGHT,linkedin-output/2026-05-14/posts.md,Network for Good's rebrand to Bonterra does not change the product's feature ceiling.,pending
2026-05-14-article,2026-05-14,16:25,article,,ARTICLE,linkedin-output/2026-05-14/article.md,Nonprofit CRM Features That Actually Matter — and the Grant Compliance Gap Most Organizations Miss at Purchase,pending
2026-05-14-post-09,2026-05-14,17:49,post,9,LIST_POST,linkedin-output/2026-05-14/posts.md,Five questions that cut through grant compliance software evaluations faster than any feature list:,pending
2026-05-14-post-10,2026-05-14,19:13,post,10,HOW_TO,linkedin-output/2026-05-14/posts.md,How to set up restricted fund tracking that survives an audit:,pending
2026-05-15-post-01,2026-05-15,05:13,post,1,STAT_BOMB,linkedin-output/2026-05-15/posts.md,48% of nonprofits are considering switching their CRM within 12 months — up from just 10% the prior year.,pending
2026-05-15-post-02,2026-05-15,06:37,post,2,MYTH_BUSTER,linkedin-output/2026-05-15/posts.md,Bloomerang is not a grant compliance tool. That distinction matters more than most organizations realize until a federal audit arrives.,pending
2026-05-15-post-03,2026-05-15,08:01,post,3,WORKFLOW_STEP,linkedin-output/2026-05-15/posts.md,A December gift refunded in January is not a simple reversal. The donor's prior-year charitable deduction has been affected.,pending
2026-05-15-post-04,2026-05-15,09:25,post,4,TERM_EXPLAINED,linkedin-output/2026-05-15/posts.md,MTDC is not total direct costs. That distinction costs organizations money on federal awards every year.,pending
2026-05-15-post-05,2026-05-15,10:49,post,5,TOOL_TEARDOWN,linkedin-output/2026-05-15/posts.md,Virtuous is a well-designed fundraising CRM. The responsive fundraising model — segmenting outreach based on giving behavior signals — is thoughtful. Major gift pipeline and donor cultivation automation are genuine strengths.,pending
2026-05-15-post-06,2026-05-15,12:13,post,6,VERTICAL_HOOK,linkedin-output/2026-05-15/posts.md,"A $300,000 animal rescue managing six simultaneous grants is doing compliance work built for a development staff it cannot afford.",pending
2026-05-15-post-07,2026-05-15,13:37,post,7,FREE_RESOURCE,linkedin-output/2026-05-15/posts.md,A CRM demo is designed to impress. A structured evaluation framework is designed to compare.,pending
2026-05-15-post-08,2026-05-15,15:01,post,8,COMPARISON_INSIGHT,linkedin-output/2026-05-15/posts.md,"AmpliFund costs $10,000–$30,000 per year. Fluxx costs $15,000–$50,000 per year. Neither was built for a mid-sized nonprofit.",pending
2026-05-15-article,2026-05-15,16:25,article,,ARTICLE,linkedin-output/2026-05-15/article.md,The Eight-Step Donor Refund Workflow: What Nonprofit Finance Staff Get Wrong,pending
2026-05-15-post-09,2026-05-15,17:49,post,9,LIST_POST,linkedin-output/2026-05-15/posts.md,Five things worth knowing before evaluating grant management software:,pending
2026-05-15-post-10,2026-05-15,19:13,post,10,HOW_TO,linkedin-output/2026-05-15/posts.md,Processing a nonprofit donor refund involves eight distinct steps. Here is how to do it without creating tax problems for the donor or compliance problems for the organization.,pending
2026-05-16-post-01,2026-05-16,05:13,post,1,STAT_BOMB,linkedin-output/2026-05-16/posts.md,"HUD awarded approximately $3.3 billion in CDBG formula funds in FY2024, and most of that money passed through nonprofit subrecipients who are now responsible for proving how it was spent.",pending
2026-05-16-post-02,2026-05-16,06:37,post,2,MYTH_BUSTER,linkedin-output/2026-05-16/posts.md,A donor's verbal commitment is not a pledge. It is a prospect record until someone papers it.,pending
2026-05-16-post-03,2026-05-16,08:01,post,3,WORKFLOW_STEP,linkedin-output/2026-05-16/posts.md,"The 15% de minimis indirect cost rate under 2 CFR 200.414(f) requires no proposal, no cognizant agency, and no annual renewal.",pending
2026-05-16-post-04,2026-05-16,09:25,post,4,TERM_EXPLAINED,linkedin-output/2026-05-16/posts.md,Time and effort certification is the documentation that connects salary charges to actual work performed on federal grants — and it is the most frequently missing documentation in federal grant audits.,pending
2026-05-16-post-05,2026-05-16,10:49,post,5,TOOL_TEARDOWN,linkedin-output/2026-05-16/posts.md,Neon CRM does not publish pricing. Every quote requires a demo cycle before you can put a number in a board-approved budget.,pending
2026-05-16-post-06,2026-05-16,12:13,post,6,VERTICAL_HOOK,linkedin-output/2026-05-16/posts.md,"Disability services organizations receiving HHS ACL grants, IDEA flow-through funding, and Medicaid waiver reimbursements are running three different compliance systems on the same staff and the same participants.",pending
2026-05-16-post-07,2026-05-16,13:37,post,7,FREE_RESOURCE,linkedin-output/2026-05-16/posts.md,"ASU 2016-14 eliminated temporarily restricted and permanently restricted net asset categories in 2018. Many nonprofit accounting systems, funder reports, and staff still use the old terminology.",pending
2026-05-16-post-08,2026-05-16,15:01,post,8,COMPARISON_INSIGHT,linkedin-output/2026-05-16/posts.md,"Blackbaud Raiser's Edge NXT and Financial Edge NXT are two products with two licenses that must integrate. For most mid-sized nonprofits, that two-product structure is the most important thing to understand before evaluating either one.",pending
2026-05-16-article,2026-05-16,16:25,article,,ARTICLE,linkedin-output/2026-05-16/article.md,Restricted Fund Tracking: Why the Spreadsheet Breaks and What to Do Before It Does,pending
2026-05-16-post-09,2026-05-16,17:49,post,9,LIST_POST,linkedin-output/2026-05-16/posts.md,"Six donor management platforms, evaluated against the question most comparisons ignore: does this tool handle grant compliance, or does your team still need a separate system for that?",pending
2026-05-16-post-10,2026-05-16,19:13,post,10,HOW_TO,linkedin-output/2026-05-16/posts.md,The sector average nonprofit retains fewer than half its donors each year. New donor retention is worse: 19-26% in the first year.,pending
2026-05-17-post-01,2026-05-17,05:13,post,1,STAT_BOMB,linkedin-output/2026-05-17/posts.md,"The IRS processed approximately 42,000 Forms 990-T from 501(c)(3) organizations in fiscal year 2023 — and most of those filings became harder the moment the 2017 Tax Cuts and Jobs Act took effect.",pending
2026-05-17-post-02,2026-05-17,06:37,post,2,MYTH_BUSTER,linkedin-output/2026-05-17/posts.md,A common misconception: the restricted funds dashboard is a finance tool.,pending
2026-05-17-post-03,2026-05-17,08:01,post,3,WORKFLOW_STEP,linkedin-output/2026-05-17/posts.md,Pledge write-offs are one of the most commonly misbooked entries in nonprofit accounting.,pending
2026-05-17-post-04,2026-05-17,09:25,post,4,TERM_EXPLAINED,linkedin-output/2026-05-17/posts.md,A restricted fund holds money the organization legally cannot spend in any way it chooses.,pending
2026-05-17-post-05,2026-05-17,10:49,post,5,TOOL_TEARDOWN,linkedin-output/2026-05-17/posts.md,"Keela starts at $99/month and has a clean interface. For nonprofits focused on individual giving, it is a capable platform.",pending
2026-05-17-post-06,2026-05-17,12:13,post,6,VERTICAL_HOOK,linkedin-output/2026-05-17/posts.md,Legal aid organizations receiving LSC funding operate under two simultaneous compliance frameworks — and they do not map cleanly onto each other.,pending
2026-05-17-post-07,2026-05-17,13:37,post,7,FREE_RESOURCE,linkedin-output/2026-05-17/posts.md,The math on donor retention is straightforward and frequently ignored.,pending
2026-05-17-post-08,2026-05-17,15:01,post,8,COMPARISON_INSIGHT,linkedin-output/2026-05-17/posts.md,"Only 33.3% of nonprofits rate their CRM as effective, according to the Fifty & Fifty 2025 Nonprofit Peer Report. 20.1% call it outright ineffective.",pending
2026-05-17-article,2026-05-17,16:25,article,,ARTICLE,linkedin-output/2026-05-17/article.md,How to Write a Grant Progress Report That Actually Builds the Relationship,pending
2026-05-17-post-09,2026-05-17,17:49,post,9,LIST_POST,linkedin-output/2026-05-17/posts.md,Five nonprofit CRMs priced under $350/month — and what each one does not cover.,pending
2026-05-17-post-10,2026-05-17,19:13,post,10,HOW_TO,linkedin-output/2026-05-17/posts.md,How to document personnel costs on a federal grant every pay period — without creating an audit problem.,pending
2026-05-18-post-01,2026-05-18,05:13,post,1,STAT_BOMB,linkedin-output/2026-05-18/posts.md,42% of non-government funders cap indirect cost allowances at 10% or less — while actual nonprofit overhead runs 25–35%.,pending
2026-05-18-post-02,2026-05-18,06:37,post,2,MYTH_BUSTER,linkedin-output/2026-05-18/posts.md,"The myth: if a cost is necessary for the grant, it is allowable under 2 CFR 200 Subpart E.",pending
2026-05-18-post-03,2026-05-18,08:01,post,3,WORKFLOW_STEP,linkedin-output/2026-05-18/posts.md,A release from restriction is not a revenue event. It is a reclassification — and the date it is posted matters.,pending
2026-05-18-post-04,2026-05-18,09:25,post,4,TERM_EXPLAINED,linkedin-output/2026-05-18/posts.md,"Program income is the grant compliance category that most organizations undercount — not because they ignore it, but because the definition is broader than it sounds.",pending
2026-05-18-post-05,2026-05-18,10:49,post,5,TOOL_TEARDOWN,linkedin-output/2026-05-18/posts.md,Blackbaud does not publish pricing. Every organization negotiates blind.,pending
2026-05-18-post-06,2026-05-18,12:13,post,6,VERTICAL_HOOK,linkedin-output/2026-05-18/posts.md,"A mid-sized food bank can be running five separate federal compliance frameworks simultaneously — each with different deadlines, different documentation requirements, and different contacts.",pending
2026-05-18-post-07,2026-05-18,13:37,post,7,FREE_RESOURCE,linkedin-output/2026-05-18/posts.md,"Under 2 CFR 200.308, a grant budget modification requires prior approval when it involves a change in scope, a key personnel change, or a transfer that exceeds the award's rebudgeting threshold — commonly 10% of the total award.",pending
2026-05-18-post-08,2026-05-18,15:01,post,8,COMPARISON_INSIGHT,linkedin-output/2026-05-18/posts.md,"Givebutter vs Bloomerang is often framed as ""free vs $125/month."" The more accurate frame is: a fundraising platform vs a donor CRM.",pending
2026-05-18-article,2026-05-18,16:25,article,,ARTICLE,linkedin-output/2026-05-18/article.md,Massachusetts Form PC: What Nonprofits Get Wrong and What the AG's Office Checks First,pending
2026-05-18-post-09,2026-05-18,17:49,post,9,LIST_POST,linkedin-output/2026-05-18/posts.md,"GrantHub Pro was sunset January 31, 2026. Before picking the replacement, answer one question: were you primarily using GrantHub for pipeline tracking, or for post-award compliance?",pending
2026-05-18-post-10,2026-05-18,19:13,post,10,HOW_TO,linkedin-output/2026-05-18/posts.md,How to build a grant reporting calendar that actually prevents missed deadlines — step by step.,pending
2026-05-19-post-01,2026-05-19,05:13,post,1,STAT_BOMB,linkedin-output/2026-05-19/posts.md,"FFATA requires prime federal recipients to report subawards of $25,000 or more — and most organizations miss the deadline without realizing it.",pending
2026-05-19-post-02,2026-05-19,06:37,post,2,MYTH_BUSTER,linkedin-output/2026-05-19/posts.md,Data migration is cited as the top barrier to CRM adoption by 44% of nonprofits that have delayed a software switch.,pending
2026-05-19-post-03,2026-05-19,08:01,post,3,WORKFLOW_STEP,linkedin-output/2026-05-19/posts.md,A donor pledge is not a donation until it is unconditional.,pending
2026-05-19-post-04,2026-05-19,09:25,post,4,TERM_EXPLAINED,linkedin-output/2026-05-19/posts.md,"The CFDA number was renamed the Assistance Listing Number (ALN) in 2019 — but most grant agreements, audit reports, and accounting systems still say CFDA.",pending
2026-05-19-post-05,2026-05-19,10:49,post,5,TOOL_TEARDOWN,linkedin-output/2026-05-19/posts.md,"Little Green Light starts at $45/month for up to 2,500 records — one of the most transparent pricing structures in the nonprofit CRM market.",pending
2026-05-19-post-06,2026-05-19,12:13,post,6,VERTICAL_HOOK,linkedin-output/2026-05-19/posts.md,"There are approximately 1,400 HRSA-funded health center organizations operating more than 14,000 service delivery sites — and HRSA Health Center Program grants totaled $6.6 billion in FY2023.",pending
2026-05-19-post-07,2026-05-19,13:37,post,7,FREE_RESOURCE,linkedin-output/2026-05-19/posts.md,Boards do not approve software purchases because of features.,pending
2026-05-19-post-08,2026-05-19,15:01,post,8,COMPARISON_INSIGHT,linkedin-output/2026-05-19/posts.md,Blackbaud vs a focused mid-market platform is not a question of which vendor is more capable.,pending
2026-05-19-article,2026-05-19,16:25,article,,ARTICLE,linkedin-output/2026-05-19/article.md,The Grant Compliance Calendar Most Nonprofits Build Is Missing Half the Work,pending
2026-05-19-post-09,2026-05-19,17:49,post,9,LIST_POST,linkedin-output/2026-05-19/posts.md,Grant tracking software divides into two distinct categories — and most buyers searching for the term need the second one.,pending
2026-05-19-post-10,2026-05-19,19:13,post,10,HOW_TO,linkedin-output/2026-05-19/posts.md,Time and effort certification under 2 CFR 200.430 has one central compliance point: the after-the-fact rule.,pending
2026-05-20-post-01,2026-05-20,05:13,post,1,STAT_BOMB,linkedin-output/2026-05-20/posts.md,The median nonprofit spends 6–8 hours per grant per year on reporting — 30+ cumulative hours over a grant's lifetime.,pending
2026-05-20-post-02,2026-05-20,06:37,post,2,MYTH_BUSTER,linkedin-output/2026-05-20/posts.md,"The myth: three donor segments is enough — everyone, major donors, lapsed.",pending
2026-05-20-post-03,2026-05-20,08:01,post,3,WORKFLOW_STEP,linkedin-output/2026-05-20/posts.md,"A release from restriction is not a revenue event. Under FASB ASC 958-205, it is a reclassification.",pending
2026-05-20-post-04,2026-05-20,09:25,post,4,TERM_EXPLAINED,linkedin-output/2026-05-20/posts.md,Grant spend-down is the phrase that makes program directors nervous toward the end of a grant year.,pending
2026-05-20-post-05,2026-05-20,10:49,post,5,TOOL_TEARDOWN,linkedin-output/2026-05-20/posts.md,"Keela's grant module tracks pipeline stages, deadlines, and funder relationships. That is the pre-award development workflow, and it does it reasonably well.",pending
2026-05-20-post-06,2026-05-20,12:13,post,6,HOW_TO,linkedin-output/2026-05-20/posts.md,Your board sees total gifts received. That number is not actionable.,pending
2026-05-20-post-07,2026-05-20,13:37,post,7,FREE_RESOURCE,linkedin-output/2026-05-20/posts.md,"GrantHub Pro was sunset January 31, 2026. If your organization ran on it, the migration is not just a data transfer — it is a compliance infrastructure rebuild.",pending
2026-05-20-post-08,2026-05-20,15:01,post,8,COMPARISON_INSIGHT,linkedin-output/2026-05-20/posts.md,"Bloomerang starts at $125/month and deploys in one to two weeks. Salesforce Nonprofit Cloud often carries $30,000–$100,000 in implementation costs before any staff log in.",pending
2026-05-20-article,2026-05-20,16:25,article,,ARTICLE,linkedin-output/2026-05-20/article.md,How to Request a No-Cost Extension on a Federal Grant,pending
2026-05-20-post-09,2026-05-20,17:49,post,9,LIST_POST,linkedin-output/2026-05-20/posts.md,Only 33.3% of nonprofits rate their CRM as effective. The other 66% are paying for a system they cannot trust to answer the basic questions.,pending
2026-05-20-post-10,2026-05-20,19:13,post,10,HOW_TO,linkedin-output/2026-05-20/posts.md,Every cost charged to a federal grant must pass three tests simultaneously under 2 CFR Part 200.,pending
2026-05-21-post-01,2026-05-21,05:13,post,1,STAT_BOMB,linkedin-output/2026-05-21/posts.md,The median nonprofit spends 6–8 hours per grant per year on funder reporting — and 30+ hours over a grant's full lifetime.,pending
2026-05-21-post-02,2026-05-21,06:37,post,2,MYTH_BUSTER,linkedin-output/2026-05-21/posts.md,"""Payroll allocation errors are rare."" They are the opposite: they appear in roughly 25% of single-audit engagements every year.",pending
2026-05-21-post-03,2026-05-21,08:01,post,3,WORKFLOW_STEP,linkedin-output/2026-05-21/posts.md,"Before you submit an Indirect Cost Rate proposal, run this check: does every number in your cost pool and allocation base trace directly to a line in your audited financial statements?",pending
2026-05-21-post-04,2026-05-21,09:25,post,4,TERM_EXPLAINED,linkedin-output/2026-05-21/posts.md,"A federal grant drawdown is not automatic. The awarding agency loads the grant funds into a payment system — usually ASAP, the Automated Standard Application for Payments — and the grantee must actively request disbursement.",pending
2026-05-21-post-05,2026-05-21,10:49,post,5,TOOL_TEARDOWN,linkedin-output/2026-05-21/posts.md,"Blackbaud quotes $8,000–$15,000 per year. The actual year-one cost for a mid-size nonprofit is typically $18,000–$45,000 once implementation is included.",pending
2026-05-21-post-06,2026-05-21,12:13,post,6,HOW_TO,linkedin-output/2026-05-21/posts.md,"When evaluating a nonprofit CRM, separate two distinct categories before looking at any vendor feature list.",pending
2026-05-21-post-07,2026-05-21,13:37,post,7,FREE_RESOURCE,linkedin-output/2026-05-21/posts.md,The data you enter in the first week of a new grant award determines how manageable compliance will be for the entire grant period.,pending
2026-05-21-post-08,2026-05-21,15:01,post,8,COMPARISON_INSIGHT,linkedin-output/2026-05-21/posts.md,Bloomerang and Network for Good are both positioned as nonprofit CRM platforms. They differ significantly in pricing and scope. They are identical on one point: neither has grant management or restricted fund compliance features.,pending
2026-05-21-article,2026-05-21,16:25,article,,ARTICLE,linkedin-output/2026-05-21/article.md,How to Negotiate a Negotiated Indirect Cost Rate Agreement (NICRA): A Practical Guide for Nonprofit Finance Teams,pending
2026-05-21-post-09,2026-05-21,17:49,post,9,LIST_POST,linkedin-output/2026-05-21/posts.md,"Seven grant management tools for small nonprofits, ranked honestly.",pending
2026-05-21-post-10,2026-05-21,19:13,post,10,HOW_TO,linkedin-output/2026-05-21/posts.md,The TCJA silo rule turned Form 990-T compliance into a fundamentally different problem for nonprofits with multiple revenue streams.,pending
2026-05-22-post-01,2026-05-22,05:13,post,1,STAT_BOMB,linkedin-output/2026-05-22/posts.md,"HUD awarded approximately $3.3 billion in CDBG formula funds in FY2024, and a significant share flowed through nonprofit subrecipients who are now running four separate compliance systems simultaneously.",pending
2026-05-22-post-02,2026-05-22,06:37,post,2,MYTH_BUSTER,linkedin-output/2026-05-22/posts.md,"North Carolina has approximately 50,000 registered nonprofits — and a Charlotte-area organization managing a DHHS behavioral health contract, a Bank of America foundation grant, and a federal HUD community development award is tracking three separate fiscal calendars at once.",pending
2026-05-22-post-03,2026-05-22,08:01,post,3,WORKFLOW_STEP,linkedin-output/2026-05-22/posts.md,A cost transfer discovered after federal grant closeout is not an administrative correction — it is a compliance event that requires written federal prior approval before a single journal entry is booked.,pending
2026-05-22-post-04,2026-05-22,09:25,post,4,TERM_EXPLAINED,linkedin-output/2026-05-22/posts.md,"The single audit threshold is now $1,000,000 in federal expenditures in a fiscal year — updated under the 2024 revisions to 2 CFR Part 200, effective for fiscal years ending September 30, 2025 or later.",pending
2026-05-22-post-05,2026-05-22,10:49,post,5,TOOL_TEARDOWN,linkedin-output/2026-05-22/posts.md,Instrumentl's Full Lifecycle tier now starts at $999/month and extends into spend tracking — but it still does not replace donor CRM or a unified restricted-fund compliance workflow.,pending
2026-05-22-post-06,2026-05-22,12:13,post,6,HOW_TO,linkedin-output/2026-05-22/posts.md,"Salesforce's 10 free nonprofit licenses are worth approximately $15,000 per year in retail value. The three-year total cost of ownership for a mid-sized nonprofit runs $75,000 to $275,000.",pending
2026-05-22-post-07,2026-05-22,13:37,post,7,FREE_RESOURCE,linkedin-output/2026-05-22/posts.md,Most major donor solicitations fail because the ask arrives before the relationship.,pending
2026-05-22-post-08,2026-05-22,15:01,post,8,COMPARISON_INSIGHT,linkedin-output/2026-05-22/posts.md,Bloomerang and GrantPipe are not competing for the same buyer.,pending
2026-05-22-article,2026-05-22,16:25,article,,ARTICLE,linkedin-output/2026-05-22/article.md,How to Prepare a Clean SEFA Before Your Single Audit Begins,pending
2026-05-22-post-09,2026-05-22,17:49,post,9,LIST_POST,linkedin-output/2026-05-22/posts.md,"68 percent of nonprofits using QuickBooks for fund tracking maintain at least one parallel spreadsheet for restricted balance management, averaging 8.5 hours per month in maintenance.",pending
2026-05-22-post-10,2026-05-22,19:13,post,10,HOW_TO,linkedin-output/2026-05-22/posts.md,Illinois charities registered with the Attorney General must file Form AG990-IL within six months of fiscal year end. The filing fee is $15. The audit and review thresholds are easy to miss.,pending
2026-05-23-post-01,2026-05-23,05:13,post,1,STAT_BOMB,linkedin-output/2026-05-23/posts.md,42% of non-government funders cap indirect cost allowances at 10% or less — while actual nonprofit overhead runs 25–35%.,pending
2026-05-23-post-02,2026-05-23,06:37,post,2,MYTH_BUSTER,linkedin-output/2026-05-23/posts.md,Donorbox sends a transaction receipt. That does not mean your donor relationship is tracked.,pending
2026-05-23-post-03,2026-05-23,08:01,post,3,WORKFLOW_STEP,linkedin-output/2026-05-23/posts.md,"The SF-SAC deadline is not 30 days after your fiscal year end. It is 30 days after the auditor's report is issued — or nine months after fiscal year end, whichever comes first.",pending
2026-05-23-post-04,2026-05-23,09:25,post,4,TERM_EXPLAINED,linkedin-output/2026-05-23/posts.md,Your cognizant agency is not the same as your awarding agency. That distinction matters when you are negotiating an indirect cost rate.,pending
2026-05-23-post-05,2026-05-23,10:49,post,5,TOOL_TEARDOWN,linkedin-output/2026-05-23/posts.md,Funraise starts at $179/month. GrantPipe starts at $329/month. That price comparison misses the actual question.,pending
2026-05-23-post-06,2026-05-23,12:13,post,6,HOW_TO,linkedin-output/2026-05-23/posts.md,"HUD CoC match requirement: 25% of the total grant, excluding leasing costs, from non-federal resources. That calculation is under 24 CFR 578.73.",pending
2026-05-23-post-07,2026-05-23,13:37,post,7,FREE_RESOURCE,linkedin-output/2026-05-23/posts.md,A pipeline of $1.2M in grant applications tells you almost nothing useful about what you will actually receive this fiscal year.,pending
2026-05-23-post-08,2026-05-23,15:01,post,8,COMPARISON_INSIGHT,linkedin-output/2026-05-23/posts.md,Nonprofits spend an average of 30% more staff time on grant reporting than they budget for.,pending
2026-05-23-article,2026-05-23,16:25,article,,ARTICLE,linkedin-output/2026-05-23/article.md,Cash vs. Accrual Accounting for Nonprofit Grants: What Your Books Are Actually Telling the Auditors,pending
2026-05-23-post-09,2026-05-23,17:49,post,9,LIST_POST,linkedin-output/2026-05-23/posts.md,Grant reporting software and grant tracking software are not the same thing. The distinction matters before you buy.,pending
2026-05-23-post-10,2026-05-23,19:13,post,10,HOW_TO,linkedin-output/2026-05-23/posts.md,"New Jersey's CRI-300R audit threshold is $500,000 in gross revenue — but the question is which year's revenue.",pending
2026-05-24-post-01,2026-05-24,05:13,post,1,STAT_BOMB,linkedin-output/2026-05-24/posts.md,79% of nonprofits now run five or more systems beyond their main CRM — up from 62% just one year ago.,pending
2026-05-24-post-02,2026-05-24,06:37,post,2,MYTH_BUSTER,linkedin-output/2026-05-24/posts.md,VAWA confidentiality is not a best practice. It is a federal prohibition.,pending
2026-05-24-post-03,2026-05-24,08:01,post,3,WORKFLOW_STEP,linkedin-output/2026-05-24/posts.md,Most organizations updated their journal entry practices after FASB ASU 2020-07. Far fewer updated their footnote disclosures.,pending
2026-05-24-post-04,2026-05-24,09:25,post,4,TERM_EXPLAINED,linkedin-output/2026-05-24/posts.md,"""Award period"" and ""period of performance"" mean the same thing. What they authorize is narrower than most people assume.",pending
2026-05-24-post-05,2026-05-24,10:49,post,5,TOOL_TEARDOWN,linkedin-output/2026-05-24/posts.md,"Keela's grant module does what it says: tracks a grant name, amount, deadline, and status. That covers the first list of requirements.",pending
2026-05-24-post-06,2026-05-24,12:13,post,6,HOW_TO (Onboarding a Grants Manager),linkedin-output/2026-05-24/posts.md,The grants manager departure takes 3–5 years of institutional knowledge out the door in two weeks.,pending
2026-05-24-post-07,2026-05-24,13:37,post,7,FREE_RESOURCE,linkedin-output/2026-05-24/posts.md,A funder report that only documents compliance misses the relationship opportunity.,pending
2026-05-24-post-08,2026-05-24,15:01,post,8,COMPARISON_INSIGHT,linkedin-output/2026-05-24/posts.md,Virtuous is a donor engagement platform. GrantPipe is a grant compliance platform. They are not competing for the same operating problem.,pending
2026-05-24-article,2026-05-24,16:25,article,,ARTICLE,linkedin-output/2026-05-24/article.md,Grant Compliance 101: What Actually Happens After You Win the Grant,pending
2026-05-24-post-09,2026-05-24,17:49,post,9,LIST_POST,linkedin-output/2026-05-24/posts.md,"Six fund accounting platforms, one distinction that matters before evaluating any of them.",pending
2026-05-24-post-10,2026-05-24,19:13,post,10,HOW_TO (Setting Up a New Grant Award),linkedin-output/2026-05-24/posts.md,The setup work done in week one determines how easy or difficult compliance management will be for the entire grant period.,pending
2026-05-25-post-01,2026-05-25,05:13,post,1,STAT_BOMB,linkedin-output/2026-05-25/posts.md,48% of nonprofits are considering switching their CRM within 12 months — up from just 10% the year before.,pending
2026-05-25-post-02,2026-05-25,06:37,post,2,MYTH_BUSTER,linkedin-output/2026-05-25/posts.md,Virginia gives nonprofits 90 days to file their charitable registration renewal after fiscal year end.,pending
2026-05-25-post-03,2026-05-25,08:01,post,3,WORKFLOW_STEP,linkedin-output/2026-05-25/posts.md,"A Single Audit finding requires a written Corrective Action Plan under 2 CFR 200.511(c). The plan must include five elements: finding reference, the auditee's position (agree or disagree), the specific corrective action, a named responsible party, and a target completion date.",pending
2026-05-25-post-04,2026-05-25,09:25,post,4,TERM_EXPLAINED,linkedin-output/2026-05-25/posts.md,The ACFR — Annual Comprehensive Financial Report — is what state and local governments publish instead of audited financial statements.,pending
2026-05-25-post-05,2026-05-25,10:49,post,5,TOOL_TEARDOWN,linkedin-output/2026-05-25/posts.md,CharityEngine does not publish its pricing. All contracts require a demo and custom quote.,pending
2026-05-25-post-06,2026-05-25,12:13,post,6,HOW_TO,linkedin-output/2026-05-25/posts.md,Donor-restricted funds and board-designated funds are not the same category. Treating them as equivalent creates fiduciary exposure that can reach board level.,pending
2026-05-25-post-07,2026-05-25,13:37,post,7,FREE_RESOURCE,linkedin-output/2026-05-25/posts.md,2 CFR 200.430 requires that salary charges to federal awards be based on records reflecting actual work performed — maintained contemporaneously.,pending
2026-05-25-post-08,2026-05-25,15:01,post,8,COMPARISON_INSIGHT,linkedin-output/2026-05-25/posts.md,"DonorPerfect is a mature donor CRM. It handles fundraising operations, relationship tracking, and donor reporting well. It rates 4.55/5 across ~1,378 Capterra reviews — a credible score in a crowded field.",pending
2026-05-25-article,2026-05-25,16:25,article,,ARTICLE,linkedin-output/2026-05-25/article.md,How Nonprofits Are Leaving Real Money on the Table: The Indirect Cost Rate Problem,pending
2026-05-25-post-09,2026-05-25,17:49,post,9,LIST_POST,linkedin-output/2026-05-25/posts.md,Five questions that determine whether a nonprofit's software can actually handle both donors and grants:,pending
2026-05-25-post-10,2026-05-25,19:13,post,10,HOW_TO,linkedin-output/2026-05-25/posts.md,"The SEFA cluster-identification error appears in approximately 30% of audited entities with multiple federal programs, according to OMB's Single Audit Quality Study.",pending
2026-05-26-post-01,2026-05-26,05:13,post,1,STAT_BOMB,linkedin-output/2026-05-26/posts.md,"After-school programs receiving 21st CCLC funds face a single audit trigger at $1,000,000 in federal expenditures — raised to $1,000,000 in the 2024 Uniform Guidance revision.",pending
2026-05-26-post-02,2026-05-26,06:37,post,2,MYTH_BUSTER,linkedin-output/2026-05-26/posts.md,Network for Good never included grant management — before the 2022 Bonterra acquisition or after it.,pending
2026-05-26-post-03,2026-05-26,08:01,post,3,WORKFLOW_STEP,linkedin-output/2026-05-26/posts.md,Releasing restricted net assets at year-end is not an accounting choice — it is an accounting event that requires specific evidence.,pending
2026-05-26-post-04,2026-05-26,09:25,post,4,TERM_EXPLAINED,linkedin-output/2026-05-26/posts.md,"2 CFR Part 200 is not a suggestion. If your organization receives federal awards — directly or through a state pass-through — the Uniform Guidance governs what costs are allowable, how your accounting systems must work, and when you need to be audited.",pending
2026-05-26-post-05,2026-05-26,10:49,post,5,TOOL_TEARDOWN,linkedin-output/2026-05-26/posts.md,Sage Intacct's implementation timeline for a mid-sized nonprofit: three to six months with a certified partner. The partner is not optional — this is not a self-service setup.,pending
2026-05-26-post-06,2026-05-26,12:13,post,6,HOW_TO,linkedin-output/2026-05-26/posts.md,33.3% of nonprofits rated their CRM as effective in the Fifty & Fifty 2025 Nonprofit Peer Report. 46.5% called them neutral. 20.1% found them outright ineffective.,pending
2026-05-26-post-07,2026-05-26,13:37,post,7,FREE_RESOURCE,linkedin-output/2026-05-26/posts.md,"A $50,000 grant is not worth $50,000 after compliance costs. Most finance teams have never added up the actual number.",pending
2026-05-26-post-08,2026-05-26,15:01,post,8,COMPARISON_INSIGHT,linkedin-output/2026-05-26/posts.md,Instrumentl and Foundant GrantHub are not competing tools. They address different phases of the grant lifecycle — and most nonprofits end up buying both.,pending
2026-05-26-article,2026-05-26,16:25,article,,ARTICLE,linkedin-output/2026-05-26/article.md,Grant Compliance for Environmental Nonprofits: What the Uniform Guidance Doesn't Cover,pending
2026-05-26-post-09,2026-05-26,17:49,post,9,LIST_POST,linkedin-output/2026-05-26/posts.md,"The nonprofit software category still has a fragmentation problem in 2026. Most organizations run 3-4 tools because no single platform covers donor management, grant compliance, fundraising, and accounting together.",pending
2026-05-26-post-10,2026-05-26,19:13,post,10,HOW_TO,linkedin-output/2026-05-26/posts.md,The SF-425 Federal Financial Report is required for virtually every federal grant award — and Box 10e is where most errors originate.,pending
2026-05-27-post-01,2026-05-27,05:13,post,1,STAT_BOMB,linkedin-output/2026-05-27/posts.md,"The 21st CCLC single audit threshold rose to $1,000,000 in federal expenditures under the October 2024 Uniform Guidance revision.",pending
2026-05-27-post-02,2026-05-27,06:37,post,2,MYTH_BUSTER,linkedin-output/2026-05-27/posts.md,QuickBooks Classes do not maintain a fund balance. This matters more than most finance teams realize.,pending
2026-05-27-post-03,2026-05-27,08:01,post,3,WORKFLOW_STEP,linkedin-output/2026-05-27/posts.md,"Under 2 CFR 200.430, payroll charges to federal grants must reflect actual hours worked — not the budgeted percentage. Here is how to run the monthly allocation correctly.",pending
2026-05-27-post-04,2026-05-27,09:25,post,4,TERM_EXPLAINED,linkedin-output/2026-05-27/posts.md,"""Net assets with donor restrictions"" replaced two categories in 2017. Many nonprofits still report it wrong.",pending
2026-05-27-post-05,2026-05-27,10:49,post,5,TOOL_TEARDOWN,linkedin-output/2026-05-27/posts.md,Little Green Light starts at $45/month and handles individual donor management well. The breaking point is three or more active grants with actual compliance requirements.,pending
2026-05-27-post-06,2026-05-27,12:13,post,6,HOW_TO,linkedin-output/2026-05-27/posts.md,Grant closeout is not a single event. Federal grants require submission within 120 days of the period-of-performance end date. Here is the sequence that avoids findings.,pending
2026-05-27-post-07,2026-05-27,13:37,post,7,FREE_RESOURCE,linkedin-output/2026-05-27/posts.md,A grant budget tracking template serves two purposes at once: internal spend-down monitoring and funder financial report preparation.,pending
2026-05-27-post-08,2026-05-27,15:01,post,8,HOW_TO,linkedin-output/2026-05-27/posts.md,A written cost transfer policy is required under 2 CFR 200.302(b)(7). Here is what it must cover and how to build one that survives audit.,pending
2026-05-27-article,2026-05-27,16:25,article,,ARTICLE,linkedin-output/2026-05-27/article.md,21st CCLC Compliance: What After-School Program Leaders Actually Owe the Federal Government,pending
2026-05-27-post-09,2026-05-27,17:49,post,9,LIST_POST,linkedin-output/2026-05-27/posts.md,Five capabilities that separate grant compliance software from grant tracking software:,pending
2026-05-27-post-10,2026-05-27,19:13,post,10,HOW_TO,linkedin-output/2026-05-27/posts.md,FASB ASC 958 governs how every grant-funded U.S. nonprofit presents its financial statements. Here is what ASU 2016-14 requires and where finance teams most often get it wrong.,pending
2026-05-28-post-01,2026-05-28,05:13,post,1,STAT_BOMB,linkedin-output/2026-05-28/posts.md,45% of nonprofits say they spend too little on technology — and 77% cite budget as the reason. The budget is usually available. The argument isn't.,pending
2026-05-28-post-02,2026-05-28,06:37,post,2,MYTH_BUSTER,linkedin-output/2026-05-28/posts.md,"Massachusetts has approximately 37,000 registered public charities — and their audit threshold is $500,000 in gross support and revenue.",pending
2026-05-28-post-03,2026-05-28,08:01,post,3,WORKFLOW_STEP,linkedin-output/2026-05-28/posts.md,"Under 2 CFR 200.308(e)(4), nonprofits can transfer funds among direct cost categories up to 10% of the total federal award budget without federal prior approval — as long as the change doesn't alter project scope.",pending
2026-05-28-post-04,2026-05-28,09:25,post,4,TERM_EXPLAINED,linkedin-output/2026-05-28/posts.md,A no-cost extension gives you time. That's all it does.,pending
2026-05-28-post-05,2026-05-28,10:49,post,5,TOOL_TEARDOWN,linkedin-output/2026-05-28/posts.md,"QuickBooks Classes are a cost-tracking feature, not fund accounting.",pending
2026-05-28-post-06,2026-05-28,12:13,post,6,HOW_TO,linkedin-output/2026-05-28/posts.md,AmeriCorps grantees file two fiscal reports each quarter: the Program Expense Report through eGrants and the SF-425 Federal Financial Report. Both are due 30 days after each quarter closes. Missing either generates delinquency flags that affect future funding decisions.,pending
2026-05-28-post-07,2026-05-28,13:37,post,7,FREE_RESOURCE,linkedin-output/2026-05-28/posts.md,Personnel costs are typically the largest expenditure on a federal grant. They're also the most commonly questioned in audits.,pending
2026-05-28-post-08,2026-05-28,15:01,post,8,HOW_TO,linkedin-output/2026-05-28/posts.md,"A grant report answers two questions: what did you do, and how did you spend the money?",pending
2026-05-28-article,2026-05-28,16:25,article,,ARTICLE,linkedin-output/2026-05-28/article.md,What to Do When You Find a Misposting on a Closed Federal Grant,pending
2026-05-28-post-09,2026-05-28,17:49,post,9,LIST_POST,linkedin-output/2026-05-28/posts.md,Only 33.3% of nonprofits rate their CRM systems as effective — and the $500K–$10M budget range is where the mismatch is most common.,pending
2026-05-28-post-10,2026-05-28,19:13,post,10,HOW_TO,linkedin-output/2026-05-28/posts.md,"The organizations that migrate from spreadsheets to grant management software on their own terms are the minority. Most move because something went wrong — a missed deadline, an audit finding, a closeout scramble that revealed the spreadsheet didn't contain what everyone thought it did.",pending
2026-05-29-post-01,2026-05-29,05:13,post,1,STAT_BOMB,linkedin-output/2026-05-29/posts.md,79% of nonprofits now run five or more systems beyond their main CRM — up from 62% just one year ago.,pending
2026-05-29-post-02,2026-05-29,06:37,post,2,MYTH_BUSTER,linkedin-output/2026-05-29/posts.md,"""Free CRM"" for nonprofits means three very different things, and conflating them leads to expensive mistakes.",pending
2026-05-29-post-03,2026-05-29,08:01,post,3,WORKFLOW_STEP,linkedin-output/2026-05-29/posts.md,The SEFA (Schedule of Expenditures of Federal Awards) determines how much of your Single Audit is testing versus procedural.,pending
2026-05-29-post-04,2026-05-29,09:25,post,4,TERM_EXPLAINED,linkedin-output/2026-05-29/posts.md,Grant compliance is not about avoiding doing anything wrong — it is about being able to prove you did everything right.,pending
2026-05-29-post-05,2026-05-29,10:49,post,5,TOOL_TEARDOWN,linkedin-output/2026-05-29/posts.md,"Givebutter is a fundraising platform. That is an honest description, not a criticism.",pending
2026-05-29-post-06,2026-05-29,12:13,post,6,HOW_TO,linkedin-output/2026-05-29/posts.md,"Restricted contribution tracking is a continuous practice, not an end-of-year cleanup exercise.",pending
2026-05-29-post-07,2026-05-29,13:37,post,7,FREE_RESOURCE,linkedin-output/2026-05-29/posts.md,A no-cost extension request gets denied for predictable reasons.,pending
2026-05-29-post-08,2026-05-29,15:01,post,8,HOW_TO,linkedin-output/2026-05-29/posts.md,The compliance obligation for a federal grant begins at award acceptance and does not end at the final report.,pending
2026-05-29-article,2026-05-29,16:25,article,,ARTICLE,linkedin-output/2026-05-29/article.md,What a Grant Report Actually Needs to Say,pending
2026-05-29-post-09,2026-05-29,17:49,post,9,LIST_POST,linkedin-output/2026-05-29/posts.md,Evaluating a nonprofit CRM: five tradeoffs worth writing down before the demo.,pending
2026-05-29-post-10,2026-05-29,19:13,post,10,HOW_TO,linkedin-output/2026-05-29/posts.md,"Food banks receiving USDA TEFAP funds report up through the state distributing agency (SDA), which files Form FNS-667 with USDA Food and Nutrition Service.",pending
2026-05-30-post-01,2026-05-30,05:13,post,1,STAT_BOMB,linkedin-output/2026-05-30/posts.md,The 2024 Uniform Guidance raised the federal de minimis indirect cost rate from 10% to 15% — but 42% of non-government funders still cap indirect reimbursement at 10% or below.,pending
2026-05-30-post-02,2026-05-30,06:37,post,2,MYTH_BUSTER,linkedin-output/2026-05-30/posts.md,CharityEngine does not publish its pricing — any budget comparison requires completing a full sales cycle before you see a number.,pending
2026-05-30-post-03,2026-05-30,08:01,post,3,WORKFLOW_STEP,linkedin-output/2026-05-30/posts.md,"Under 2 CFR 200.430(i), employees working solely on a single federal award may certify time semi-annually. Employees split across multiple awards — or across an award and non-award duties — must certify more frequently.",pending
2026-05-30-post-04,2026-05-30,09:25,post,4,TERM_EXPLAINED,linkedin-output/2026-05-30/posts.md,"UBTI — Unrelated Business Taxable Income — applies when a tax-exempt organization earns money from a commercial activity that fails all three of these tests: it is a trade or business, it is regularly carried on, and it is not substantially related to the exempt purpose.",pending
2026-05-30-post-05,2026-05-30,10:49,post,5,TOOL_TEARDOWN,linkedin-output/2026-05-30/posts.md,"EveryAction (now Bonterra) was built for political campaigns and issue advocacy organizations. Its core capabilities — petition management, email to elected officials, volunteer mobilization at scale — are genuine and well-designed for that use case.",pending
2026-05-30-post-06,2026-05-30,12:13,post,6,HOW_TO,linkedin-output/2026-05-30/posts.md,"Under 2 CFR 200.303, federal grantees must maintain effective internal controls over federal awards. ""Effective"" means written, operational, and demonstrable — not a reference to a general purchasing policy.",pending
2026-05-30-post-07,2026-05-30,13:37,post,7,FREE_RESOURCE,linkedin-output/2026-05-30/posts.md,"A grant kickoff meeting done in 20 minutes without an agenda is not a kickoff. It is a formality that leaves the program lead, finance staff, and grants manager with different understandings of the same award.",pending
2026-05-30-post-08,2026-05-30,15:01,post,8,HOW_TO,linkedin-output/2026-05-30/posts.md,"A $50,000 grant is not $50,000 for your mission. After compliance costs, it is closer to $40,000.",pending
2026-05-30-article,2026-05-30,16:25,article,,ARTICLE,linkedin-output/2026-05-30/article.md,Time-and-Effort Certification: The Monthly Control That Makes Payroll Auditable,pending
2026-05-30-post-09,2026-05-30,17:49,post,9,LIST_POST,linkedin-output/2026-05-30/posts.md,"Five nonprofit CRMs, rated on the factor that most reviews skip: grant compliance.",pending
2026-05-30-post-10,2026-05-30,19:13,post,10,HOW_TO,linkedin-output/2026-05-30/posts.md,"Federal grant draws are compliance events, not routine cash transfers. Each one must be supported by actual expenditures in the accounting system, reconciled monthly, and documented with enough detail that an auditor can trace every dollar from the draw request to the underlying expense.",pending
2026-05-31-post-01,2026-05-31,05:13,post,1,STAT_BOMB,linkedin-output/2026-05-31/posts.md,"Massachusetts's $500,000 audit threshold is lower than the federal $1,000,000 Single Audit threshold — and most nonprofits do not realize that gap until they get a deficiency notice.",pending
2026-05-31-post-02,2026-05-31,06:37,post,2,MYTH_BUSTER,linkedin-output/2026-05-31/posts.md,"""Grant management software"" means two completely different things depending on which side of the transaction you are on.",pending
2026-05-31-post-03,2026-05-31,08:01,post,3,WORKFLOW_STEP,linkedin-output/2026-05-31/posts.md,A Single Audit finding is not a disaster. Responding to one without a Corrective Action Plan is.,pending
2026-05-31-post-04,2026-05-31,09:25,post,4,TERM_EXPLAINED,linkedin-output/2026-05-31/posts.md,Every nonprofit expense has two labels. Most finance teams only track one.,pending
2026-05-31-post-05,2026-05-31,10:49,post,5,TOOL_TEARDOWN,linkedin-output/2026-05-31/posts.md,"Fluxx does not publish pricing. Foundation disclosures and public 990s place contracts between $25,000 and $100,000 annually — and that is before implementation.",pending
2026-05-31-post-06,2026-05-31,12:13,post,6,HOW_TO,linkedin-output/2026-05-31/posts.md,The evidence that survives a Single Audit is not created in the weeks before the auditor arrives. It is created throughout the year.,pending
2026-05-31-post-07,2026-05-31,13:37,post,7,FREE_RESOURCE,linkedin-output/2026-05-31/posts.md,"CRM licensing is only 5-15% of total cost. The rest shows up in implementation, training, data migration, ongoing administration, and integrations.",pending
2026-05-31-post-08,2026-05-31,15:01,post,8,HOW_TO,linkedin-output/2026-05-31/posts.md,"Pennsylvania's BCO-10 charitable registration has a deadline that most nonprofits get wrong: 315 days after fiscal year end, not the end of the calendar year.",pending
2026-05-31-article,2026-05-31,16:25,article,,ARTICLE,linkedin-output/2026-05-31/article.md,The Two-System Tax: Why Nonprofit Finance Teams Pay It Every Month and How to Stop,pending
2026-05-31-post-09,2026-05-31,17:49,post,9,LIST_POST,linkedin-output/2026-05-31/posts.md,"Five affordable donor management platforms, compared on what actually matters for mid-sized nonprofits:",pending
2026-05-31-post-10,2026-05-31,19:13,post,10,HOW_TO,linkedin-output/2026-05-31/posts.md,A grant compliance calendar that only tracks report due dates is a reporting calendar. Those are not the same thing.,pending
