id,groupId,platform,integrationId,date,local_date,slot_label,content
"grantpipe-2026-252-2026-06-15-morning-linkedin","grantpipe-2026-252-2026-06-15-morning","linkedin","cmorp6oby03pgmq0ye7e3n7j0","2026-06-15T13:45:00.000Z","2026-06-15","morning","restricted balance check.

Match donor limit to release note. Name the finance.

If it breaks, write the next step."
"grantpipe-2026-252-2026-06-15-midday-linkedin","grantpipe-2026-252-2026-06-15-midday","linkedin","cmorp6oby03pgmq0ye7e3n7j0","2026-06-15T18:15:00.000Z","2026-06-15","midday","Keep SF-425 spend report plain.

Show GL total. Show source row.

Then name who owns the next step."
"grantpipe-2026-252-2026-06-15-late-linkedin","grantpipe-2026-252-2026-06-15-late","linkedin","cmorp6oby03pgmq0ye7e3n7j0","2026-06-15T22:35:00.000Z","2026-06-15","late","End the day with audit binder.

Save award term near receipt.

A clean file helps the next reviewer."
"grantpipe-2026-252-2026-06-15-morning-x","grantpipe-2026-252-2026-06-15-morning","x","cmq5aut9y0087mv0yt9otastk","2026-06-15T13:45:00.000Z","2026-06-15","morning","restricted balance check: match donor limit to release note. Name the finance."
"grantpipe-2026-252-2026-06-15-midday-x","grantpipe-2026-252-2026-06-15-midday","x","cmq5aut9y0087mv0yt9otastk","2026-06-15T18:15:00.000Z","2026-06-15","midday","Keep SF-425 spend report simple. Show GL total. Show source row. Name the next owner."
"grantpipe-2026-252-2026-06-15-late-x","grantpipe-2026-252-2026-06-15-late","x","cmq5aut9y0087mv0yt9otastk","2026-06-15T22:35:00.000Z","2026-06-15","late","Close the loop on audit binder. Save award term near receipt."
"grantpipe-2026-252-2026-06-15-morning-threads","grantpipe-2026-252-2026-06-15-morning","threads","cmq5b15k300k4qp0yypplg57c","2026-06-15T13:45:00.000Z","2026-06-15","morning","Small grant check: restricted balance. Match donor limit to release note. Then name the finance."
"grantpipe-2026-252-2026-06-15-midday-threads","grantpipe-2026-252-2026-06-15-midday","threads","cmq5b15k300k4qp0yypplg57c","2026-06-15T18:15:00.000Z","2026-06-15","midday","For SF-425 spend report, keep the file plain. Show GL total. Show source row. Name the next step."
"grantpipe-2026-252-2026-06-15-late-threads","grantpipe-2026-252-2026-06-15-late","threads","cmq5b15k300k4qp0yypplg57c","2026-06-15T22:35:00.000Z","2026-06-15","late","Before the day ends, check audit binder. Put award term next to receipt."
"grantpipe-2026-252-2026-06-16-morning-linkedin","grantpipe-2026-252-2026-06-16-morning","linkedin","cmorp6oby03pgmq0ye7e3n7j0","2026-06-16T13:45:00.000Z","2026-06-16","morning","match file check.

Match gift proof to grant goal. Name the program lead.

If it breaks, write the next step."
"grantpipe-2026-252-2026-06-16-midday-linkedin","grantpipe-2026-252-2026-06-16-midday","linkedin","cmorp6oby03pgmq0ye7e3n7j0","2026-06-16T18:15:00.000Z","2026-06-16","midday","Keep grant closeout plain.

Show final invoice. Show final report.

Then name who owns the next step."
"grantpipe-2026-252-2026-06-16-late-linkedin","grantpipe-2026-252-2026-06-16-late","linkedin","cmorp6oby03pgmq0ye7e3n7j0","2026-06-16T22:35:00.000Z","2026-06-16","late","End the day with board packet.

Save new award near next report.

A clean file helps the next reviewer."
"grantpipe-2026-252-2026-06-16-morning-x","grantpipe-2026-252-2026-06-16-morning","x","cmq5aut9y0087mv0yt9otastk","2026-06-16T13:45:00.000Z","2026-06-16","morning","match file check: match gift proof to grant goal. Name the program lead."
"grantpipe-2026-252-2026-06-16-midday-x","grantpipe-2026-252-2026-06-16-midday","x","cmq5aut9y0087mv0yt9otastk","2026-06-16T18:15:00.000Z","2026-06-16","midday","Keep grant closeout simple. Show final invoice. Show final report. Name the next owner."
"grantpipe-2026-252-2026-06-16-late-x","grantpipe-2026-252-2026-06-16-late","x","cmq5aut9y0087mv0yt9otastk","2026-06-16T22:35:00.000Z","2026-06-16","late","Close the loop on board packet. Save new award near next report."
"grantpipe-2026-252-2026-06-16-morning-threads","grantpipe-2026-252-2026-06-16-morning","threads","cmq5b15k300k4qp0yypplg57c","2026-06-16T13:45:00.000Z","2026-06-16","morning","Small grant check: match file. Match gift proof to grant goal. Then name the program lead."
"grantpipe-2026-252-2026-06-16-midday-threads","grantpipe-2026-252-2026-06-16-midday","threads","cmq5b15k300k4qp0yypplg57c","2026-06-16T18:15:00.000Z","2026-06-16","midday","For grant closeout, keep the file plain. Show final invoice. Show final report. Name the next step."
"grantpipe-2026-252-2026-06-16-late-threads","grantpipe-2026-252-2026-06-16-late","threads","cmq5b15k300k4qp0yypplg57c","2026-06-16T22:35:00.000Z","2026-06-16","late","Before the day ends, check board packet. Put new award next to next report."
"grantpipe-2026-252-2026-06-17-morning-linkedin","grantpipe-2026-252-2026-06-17-morning","linkedin","cmorp6oby03pgmq0ye7e3n7j0","2026-06-17T13:45:00.000Z","2026-06-17","morning","cost note check.

Match invoice to allowed use. Name the reviewer.

If it breaks, write the next step."
"grantpipe-2026-252-2026-06-17-midday-linkedin","grantpipe-2026-252-2026-06-17-midday","linkedin","cmorp6oby03pgmq0ye7e3n7j0","2026-06-17T18:15:00.000Z","2026-06-17","midday","Keep draw request plain.

Show real cost. Show cash need.

Then name who owns the next step."
"grantpipe-2026-252-2026-06-17-late-linkedin","grantpipe-2026-252-2026-06-17-late","linkedin","cmorp6oby03pgmq0ye7e3n7j0","2026-06-17T22:35:00.000Z","2026-06-17","late","End the day with award handoff.

Save budget near report date.

A clean file helps the next reviewer."
"grantpipe-2026-252-2026-06-17-morning-x","grantpipe-2026-252-2026-06-17-morning","x","cmq5aut9y0087mv0yt9otastk","2026-06-17T13:45:00.000Z","2026-06-17","morning","cost note check: match invoice to allowed use. Name the reviewer."
"grantpipe-2026-252-2026-06-17-midday-x","grantpipe-2026-252-2026-06-17-midday","x","cmq5aut9y0087mv0yt9otastk","2026-06-17T18:15:00.000Z","2026-06-17","midday","Keep draw request simple. Show real cost. Show cash need. Name the next owner."
"grantpipe-2026-252-2026-06-17-late-x","grantpipe-2026-252-2026-06-17-late","x","cmq5aut9y0087mv0yt9otastk","2026-06-17T22:35:00.000Z","2026-06-17","late","Close the loop on award handoff. Save budget near report date."
"grantpipe-2026-252-2026-06-17-morning-threads","grantpipe-2026-252-2026-06-17-morning","threads","cmq5b15k300k4qp0yypplg57c","2026-06-17T13:45:00.000Z","2026-06-17","morning","Small grant check: cost note. Match invoice to allowed use. Then name the reviewer."
"grantpipe-2026-252-2026-06-17-midday-threads","grantpipe-2026-252-2026-06-17-midday","threads","cmq5b15k300k4qp0yypplg57c","2026-06-17T18:15:00.000Z","2026-06-17","midday","For draw request, keep the file plain. Show real cost. Show cash need. Name the next step."
"grantpipe-2026-252-2026-06-17-late-threads","grantpipe-2026-252-2026-06-17-late","threads","cmq5b15k300k4qp0yypplg57c","2026-06-17T22:35:00.000Z","2026-06-17","late","Before the day ends, check award handoff. Put budget next to report date."
"grantpipe-2026-252-2026-06-18-morning-linkedin","grantpipe-2026-252-2026-06-18-morning","linkedin","cmorp6oby03pgmq0ye7e3n7j0","2026-06-18T13:45:00.000Z","2026-06-18","morning","amendment log check.

Match old term to new term. Name the owner.

If it breaks, write the next step."
"grantpipe-2026-252-2026-06-18-midday-linkedin","grantpipe-2026-252-2026-06-18-midday","linkedin","cmorp6oby03pgmq0ye7e3n7j0","2026-06-18T18:15:00.000Z","2026-06-18","midday","Keep pay-back request plain.

Show invoice. Show GL line.

Then name who owns the next step."
"grantpipe-2026-252-2026-06-18-late-linkedin","grantpipe-2026-252-2026-06-18-late","linkedin","cmorp6oby03pgmq0ye7e3n7j0","2026-06-18T22:35:00.000Z","2026-06-18","late","End the day with partner file.

Save agreement near invoice check.

A clean file helps the next reviewer."
"grantpipe-2026-252-2026-06-18-morning-x","grantpipe-2026-252-2026-06-18-morning","x","cmq5aut9y0087mv0yt9otastk","2026-06-18T13:45:00.000Z","2026-06-18","morning","amendment log check: match old term to new term. Name the owner."
"grantpipe-2026-252-2026-06-18-midday-x","grantpipe-2026-252-2026-06-18-midday","x","cmq5aut9y0087mv0yt9otastk","2026-06-18T18:15:00.000Z","2026-06-18","midday","Keep pay-back request simple. Show invoice. Show GL line. Name the next owner."
"grantpipe-2026-252-2026-06-18-late-x","grantpipe-2026-252-2026-06-18-late","x","cmq5aut9y0087mv0yt9otastk","2026-06-18T22:35:00.000Z","2026-06-18","late","Close the loop on partner file. Save agreement near invoice check."
"grantpipe-2026-252-2026-06-18-morning-threads","grantpipe-2026-252-2026-06-18-morning","threads","cmq5b15k300k4qp0yypplg57c","2026-06-18T13:45:00.000Z","2026-06-18","morning","Small grant check: amendment log. Match old term to new term. Then name the owner."
"grantpipe-2026-252-2026-06-18-midday-threads","grantpipe-2026-252-2026-06-18-midday","threads","cmq5b15k300k4qp0yypplg57c","2026-06-18T18:15:00.000Z","2026-06-18","midday","For pay-back request, keep the file plain. Show invoice. Show GL line. Name the next step."
"grantpipe-2026-252-2026-06-18-late-threads","grantpipe-2026-252-2026-06-18-late","threads","cmq5b15k300k4qp0yypplg57c","2026-06-18T22:35:00.000Z","2026-06-18","late","Before the day ends, check partner file. Put agreement next to invoice check."
"grantpipe-2026-252-2026-06-19-morning-linkedin","grantpipe-2026-252-2026-06-19-morning","linkedin","cmorp6oby03pgmq0ye7e3n7j0","2026-06-19T13:45:00.000Z","2026-06-19","morning","fund code check.

Match award name to GL row. Name the finance.

If it breaks, write the next step."
"grantpipe-2026-252-2026-06-19-midday-linkedin","grantpipe-2026-252-2026-06-19-midday","linkedin","cmorp6oby03pgmq0ye7e3n7j0","2026-06-19T18:15:00.000Z","2026-06-19","midday","Keep grant calendar plain.

Show due date. Show file owner.

Then name who owns the next step."
"grantpipe-2026-252-2026-06-19-late-linkedin","grantpipe-2026-252-2026-06-19-late","linkedin","cmorp6oby03pgmq0ye7e3n7j0","2026-06-19T22:35:00.000Z","2026-06-19","late","End the day with program report.

Save output note near cost support.

A clean file helps the next reviewer."
"grantpipe-2026-252-2026-06-19-morning-x","grantpipe-2026-252-2026-06-19-morning","x","cmq5aut9y0087mv0yt9otastk","2026-06-19T13:45:00.000Z","2026-06-19","morning","fund code check: match award name to GL row. Name the finance."
"grantpipe-2026-252-2026-06-19-midday-x","grantpipe-2026-252-2026-06-19-midday","x","cmq5aut9y0087mv0yt9otastk","2026-06-19T18:15:00.000Z","2026-06-19","midday","Keep grant calendar simple. Show due date. Show file owner. Name the next owner."
"grantpipe-2026-252-2026-06-19-late-x","grantpipe-2026-252-2026-06-19-late","x","cmq5aut9y0087mv0yt9otastk","2026-06-19T22:35:00.000Z","2026-06-19","late","Close the loop on program report. Save output note near cost support."
"grantpipe-2026-252-2026-06-19-morning-threads","grantpipe-2026-252-2026-06-19-morning","threads","cmq5b15k300k4qp0yypplg57c","2026-06-19T13:45:00.000Z","2026-06-19","morning","Small grant check: fund code. Match award name to GL row. Then name the finance."
"grantpipe-2026-252-2026-06-19-midday-threads","grantpipe-2026-252-2026-06-19-midday","threads","cmq5b15k300k4qp0yypplg57c","2026-06-19T18:15:00.000Z","2026-06-19","midday","For grant calendar, keep the file plain. Show due date. Show file owner. Name the next step."
"grantpipe-2026-252-2026-06-19-late-threads","grantpipe-2026-252-2026-06-19-late","threads","cmq5b15k300k4qp0yypplg57c","2026-06-19T22:35:00.000Z","2026-06-19","late","Before the day ends, check program report. Put output note next to cost support."
"grantpipe-2026-252-2026-06-20-morning-linkedin","grantpipe-2026-252-2026-06-20-morning","linkedin","cmorp6oby03pgmq0ye7e3n7j0","2026-06-20T13:45:00.000Z","2026-06-20","morning","audit sample check.

Match invoice to approval. Name the reviewer.

If it breaks, write the next step."
"grantpipe-2026-252-2026-06-20-midday-linkedin","grantpipe-2026-252-2026-06-20-midday","linkedin","cmorp6oby03pgmq0ye7e3n7j0","2026-06-20T18:15:00.000Z","2026-06-20","midday","Keep indirect cost file plain.

Show rate note. Show base amount.

Then name who owns the next step."
"grantpipe-2026-252-2026-06-20-late-linkedin","grantpipe-2026-252-2026-06-20-late","linkedin","cmorp6oby03pgmq0ye7e3n7j0","2026-06-20T22:35:00.000Z","2026-06-20","late","End the day with payroll split.

Save time note near grant code.

A clean file helps the next reviewer."
"grantpipe-2026-252-2026-06-20-morning-x","grantpipe-2026-252-2026-06-20-morning","x","cmq5aut9y0087mv0yt9otastk","2026-06-20T13:45:00.000Z","2026-06-20","morning","audit sample check: match invoice to approval. Name the reviewer."
"grantpipe-2026-252-2026-06-20-midday-x","grantpipe-2026-252-2026-06-20-midday","x","cmq5aut9y0087mv0yt9otastk","2026-06-20T18:15:00.000Z","2026-06-20","midday","Keep indirect cost file simple. Show rate note. Show base amount. Name the next owner."
"grantpipe-2026-252-2026-06-20-late-x","grantpipe-2026-252-2026-06-20-late","x","cmq5aut9y0087mv0yt9otastk","2026-06-20T22:35:00.000Z","2026-06-20","late","Close the loop on payroll split. Save time note near grant code."
"grantpipe-2026-252-2026-06-20-morning-threads","grantpipe-2026-252-2026-06-20-morning","threads","cmq5b15k300k4qp0yypplg57c","2026-06-20T13:45:00.000Z","2026-06-20","morning","Small grant check: audit sample. Match invoice to approval. Then name the reviewer."
"grantpipe-2026-252-2026-06-20-midday-threads","grantpipe-2026-252-2026-06-20-midday","threads","cmq5b15k300k4qp0yypplg57c","2026-06-20T18:15:00.000Z","2026-06-20","midday","For indirect cost file, keep the file plain. Show rate note. Show base amount. Name the next step."
"grantpipe-2026-252-2026-06-20-late-threads","grantpipe-2026-252-2026-06-20-late","threads","cmq5b15k300k4qp0yypplg57c","2026-06-20T22:35:00.000Z","2026-06-20","late","Before the day ends, check payroll split. Put time note next to grant code."
"grantpipe-2026-252-2026-06-21-morning-linkedin","grantpipe-2026-252-2026-06-21-morning","linkedin","cmorp6oby03pgmq0ye7e3n7j0","2026-06-21T13:45:00.000Z","2026-06-21","morning","deadline list check.

Match report date to owner. Name the ED.

If it breaks, write the next step."
"grantpipe-2026-252-2026-06-21-midday-linkedin","grantpipe-2026-252-2026-06-21-midday","linkedin","cmorp6oby03pgmq0ye7e3n7j0","2026-06-21T18:15:00.000Z","2026-06-21","midday","Keep award budget plain.

Show spent amount. Show open balance.

Then name who owns the next step."
"grantpipe-2026-252-2026-06-21-late-linkedin","grantpipe-2026-252-2026-06-21-late","linkedin","cmorp6oby03pgmq0ye7e3n7j0","2026-06-21T22:35:00.000Z","2026-06-21","late","End the day with cash forecast.

Save draw date near report date.

A clean file helps the next reviewer."
"grantpipe-2026-252-2026-06-21-morning-x","grantpipe-2026-252-2026-06-21-morning","x","cmq5aut9y0087mv0yt9otastk","2026-06-21T13:45:00.000Z","2026-06-21","morning","deadline list check: match report date to owner. Name the ED."
"grantpipe-2026-252-2026-06-21-midday-x","grantpipe-2026-252-2026-06-21-midday","x","cmq5aut9y0087mv0yt9otastk","2026-06-21T18:15:00.000Z","2026-06-21","midday","Keep award budget simple. Show spent amount. Show open balance. Name the next owner."
"grantpipe-2026-252-2026-06-21-late-x","grantpipe-2026-252-2026-06-21-late","x","cmq5aut9y0087mv0yt9otastk","2026-06-21T22:35:00.000Z","2026-06-21","late","Close the loop on cash forecast. Save draw date near report date."
"grantpipe-2026-252-2026-06-21-morning-threads","grantpipe-2026-252-2026-06-21-morning","threads","cmq5b15k300k4qp0yypplg57c","2026-06-21T13:45:00.000Z","2026-06-21","morning","Small grant check: deadline list. Match report date to owner. Then name the ED."
"grantpipe-2026-252-2026-06-21-midday-threads","grantpipe-2026-252-2026-06-21-midday","threads","cmq5b15k300k4qp0yypplg57c","2026-06-21T18:15:00.000Z","2026-06-21","midday","For award budget, keep the file plain. Show spent amount. Show open balance. Name the next step."
"grantpipe-2026-252-2026-06-21-late-threads","grantpipe-2026-252-2026-06-21-late","threads","cmq5b15k300k4qp0yypplg57c","2026-06-21T22:35:00.000Z","2026-06-21","late","Before the day ends, check cash forecast. Put draw date next to report date."
"grantpipe-2026-252-2026-06-22-morning-linkedin","grantpipe-2026-252-2026-06-22-morning","linkedin","cmorp6oby03pgmq0ye7e3n7j0","2026-06-22T13:45:00.000Z","2026-06-22","morning","grant file name check.

Match award year to fund code. Name the team.

If it breaks, write the next step."
"grantpipe-2026-252-2026-06-22-midday-linkedin","grantpipe-2026-252-2026-06-22-midday","linkedin","cmorp6oby03pgmq0ye7e3n7j0","2026-06-22T18:15:00.000Z","2026-06-22","midday","Keep restricted gift plain.

Show purpose note. Show release proof.

Then name who owns the next step."
"grantpipe-2026-252-2026-06-22-late-linkedin","grantpipe-2026-252-2026-06-22-late","linkedin","cmorp6oby03pgmq0ye7e3n7j0","2026-06-22T22:35:00.000Z","2026-06-22","late","End the day with closeout risk.

Save missing file near next step.

A clean file helps the next reviewer."
"grantpipe-2026-252-2026-06-22-morning-x","grantpipe-2026-252-2026-06-22-morning","x","cmq5aut9y0087mv0yt9otastk","2026-06-22T13:45:00.000Z","2026-06-22","morning","grant file name check: match award year to fund code. Name the team."
"grantpipe-2026-252-2026-06-22-midday-x","grantpipe-2026-252-2026-06-22-midday","x","cmq5aut9y0087mv0yt9otastk","2026-06-22T18:15:00.000Z","2026-06-22","midday","Keep restricted gift simple. Show purpose note. Show release proof. Name the next owner."
"grantpipe-2026-252-2026-06-22-late-x","grantpipe-2026-252-2026-06-22-late","x","cmq5aut9y0087mv0yt9otastk","2026-06-22T22:35:00.000Z","2026-06-22","late","Close the loop on closeout risk. Save missing file near next step."
"grantpipe-2026-252-2026-06-22-morning-threads","grantpipe-2026-252-2026-06-22-morning","threads","cmq5b15k300k4qp0yypplg57c","2026-06-22T13:45:00.000Z","2026-06-22","morning","Small grant check: grant file name. Match award year to fund code. Then name the team."
"grantpipe-2026-252-2026-06-22-midday-threads","grantpipe-2026-252-2026-06-22-midday","threads","cmq5b15k300k4qp0yypplg57c","2026-06-22T18:15:00.000Z","2026-06-22","midday","For restricted gift, keep the file plain. Show purpose note. Show release proof. Name the next step."
"grantpipe-2026-252-2026-06-22-late-threads","grantpipe-2026-252-2026-06-22-late","threads","cmq5b15k300k4qp0yypplg57c","2026-06-22T22:35:00.000Z","2026-06-22","late","Before the day ends, check closeout risk. Put missing file next to next step."
"grantpipe-2026-252-2026-06-23-morning-linkedin","grantpipe-2026-252-2026-06-23-morning","linkedin","cmorp6oby03pgmq0ye7e3n7j0","2026-06-23T13:45:00.000Z","2026-06-23","morning","monthly close check.

Match open award to report owner. Name the finance.

If it breaks, write the next step."
"grantpipe-2026-252-2026-06-23-midday-linkedin","grantpipe-2026-252-2026-06-23-midday","linkedin","cmorp6oby03pgmq0ye7e3n7j0","2026-06-23T18:15:00.000Z","2026-06-23","midday","Keep board question plain.

Show spend note. Show due date.

Then name who owns the next step."
"grantpipe-2026-252-2026-06-23-late-linkedin","grantpipe-2026-252-2026-06-23-late","linkedin","cmorp6oby03pgmq0ye7e3n7j0","2026-06-23T22:35:00.000Z","2026-06-23","late","End the day with funder question.

Save source file near answer owner.

A clean file helps the next reviewer."
"grantpipe-2026-252-2026-06-23-morning-x","grantpipe-2026-252-2026-06-23-morning","x","cmq5aut9y0087mv0yt9otastk","2026-06-23T13:45:00.000Z","2026-06-23","morning","monthly close check: match open award to report owner. Name the finance."
"grantpipe-2026-252-2026-06-23-midday-x","grantpipe-2026-252-2026-06-23-midday","x","cmq5aut9y0087mv0yt9otastk","2026-06-23T18:15:00.000Z","2026-06-23","midday","Keep board question simple. Show spend note. Show due date. Name the next owner."
"grantpipe-2026-252-2026-06-23-late-x","grantpipe-2026-252-2026-06-23-late","x","cmq5aut9y0087mv0yt9otastk","2026-06-23T22:35:00.000Z","2026-06-23","late","Close the loop on funder question. Save source file near answer owner."
"grantpipe-2026-252-2026-06-23-morning-threads","grantpipe-2026-252-2026-06-23-morning","threads","cmq5b15k300k4qp0yypplg57c","2026-06-23T13:45:00.000Z","2026-06-23","morning","Small grant check: monthly close. Match open award to report owner. Then name the finance."
"grantpipe-2026-252-2026-06-23-midday-threads","grantpipe-2026-252-2026-06-23-midday","threads","cmq5b15k300k4qp0yypplg57c","2026-06-23T18:15:00.000Z","2026-06-23","midday","For board question, keep the file plain. Show spend note. Show due date. Name the next step."
"grantpipe-2026-252-2026-06-23-late-threads","grantpipe-2026-252-2026-06-23-late","threads","cmq5b15k300k4qp0yypplg57c","2026-06-23T22:35:00.000Z","2026-06-23","late","Before the day ends, check funder question. Put source file next to answer owner."
"grantpipe-2026-252-2026-06-24-morning-linkedin","grantpipe-2026-252-2026-06-24-morning","linkedin","cmorp6oby03pgmq0ye7e3n7j0","2026-06-24T13:45:00.000Z","2026-06-24","morning","grant forecast check.

Match cash date to report date. Name the finance.

If it breaks, write the next step."
"grantpipe-2026-252-2026-06-24-midday-linkedin","grantpipe-2026-252-2026-06-24-midday","linkedin","cmorp6oby03pgmq0ye7e3n7j0","2026-06-24T18:15:00.000Z","2026-06-24","midday","Keep budget move plain.

Show approval note. Show report impact.

Then name who owns the next step."
"grantpipe-2026-252-2026-06-24-late-linkedin","grantpipe-2026-252-2026-06-24-late","linkedin","cmorp6oby03pgmq0ye7e3n7j0","2026-06-24T22:35:00.000Z","2026-06-24","late","End the day with invoice packet.

Save approval near payment note.

A clean file helps the next reviewer."
"grantpipe-2026-252-2026-06-24-morning-x","grantpipe-2026-252-2026-06-24-morning","x","cmq5aut9y0087mv0yt9otastk","2026-06-24T13:45:00.000Z","2026-06-24","morning","grant forecast check: match cash date to report date. Name the finance."
"grantpipe-2026-252-2026-06-24-midday-x","grantpipe-2026-252-2026-06-24-midday","x","cmq5aut9y0087mv0yt9otastk","2026-06-24T18:15:00.000Z","2026-06-24","midday","Keep budget move simple. Show approval note. Show report impact. Name the next owner."
"grantpipe-2026-252-2026-06-24-late-x","grantpipe-2026-252-2026-06-24-late","x","cmq5aut9y0087mv0yt9otastk","2026-06-24T22:35:00.000Z","2026-06-24","late","Close the loop on invoice packet. Save approval near payment note."
"grantpipe-2026-252-2026-06-24-morning-threads","grantpipe-2026-252-2026-06-24-morning","threads","cmq5b15k300k4qp0yypplg57c","2026-06-24T13:45:00.000Z","2026-06-24","morning","Small grant check: grant forecast. Match cash date to report date. Then name the finance."
"grantpipe-2026-252-2026-06-24-midday-threads","grantpipe-2026-252-2026-06-24-midday","threads","cmq5b15k300k4qp0yypplg57c","2026-06-24T18:15:00.000Z","2026-06-24","midday","For budget move, keep the file plain. Show approval note. Show report impact. Name the next step."
"grantpipe-2026-252-2026-06-24-late-threads","grantpipe-2026-252-2026-06-24-late","threads","cmq5b15k300k4qp0yypplg57c","2026-06-24T22:35:00.000Z","2026-06-24","late","Before the day ends, check invoice packet. Put approval next to payment note."
"grantpipe-2026-252-2026-06-25-morning-linkedin","grantpipe-2026-252-2026-06-25-morning","linkedin","cmorp6oby03pgmq0ye7e3n7j0","2026-06-25T13:45:00.000Z","2026-06-25","morning","UEI record check.

Match award file to funder form. Name the grant owner.

If it breaks, write the next step."
"grantpipe-2026-252-2026-06-25-midday-linkedin","grantpipe-2026-252-2026-06-25-midday","linkedin","cmorp6oby03pgmq0ye7e3n7j0","2026-06-25T18:15:00.000Z","2026-06-25","midday","Keep ALN note plain.

Show award file. Show report folder.

Then name who owns the next step."
"grantpipe-2026-252-2026-06-25-late-linkedin","grantpipe-2026-252-2026-06-25-late","linkedin","cmorp6oby03pgmq0ye7e3n7j0","2026-06-25T22:35:00.000Z","2026-06-25","late","End the day with SEFA prep.

Save award number near federal share.

A clean file helps the next reviewer."
"grantpipe-2026-252-2026-06-25-morning-x","grantpipe-2026-252-2026-06-25-morning","x","cmq5aut9y0087mv0yt9otastk","2026-06-25T13:45:00.000Z","2026-06-25","morning","UEI record check: match award file to funder form. Name the grant owner."
"grantpipe-2026-252-2026-06-25-midday-x","grantpipe-2026-252-2026-06-25-midday","x","cmq5aut9y0087mv0yt9otastk","2026-06-25T18:15:00.000Z","2026-06-25","midday","Keep ALN note simple. Show award file. Show report folder. Name the next owner."
"grantpipe-2026-252-2026-06-25-late-x","grantpipe-2026-252-2026-06-25-late","x","cmq5aut9y0087mv0yt9otastk","2026-06-25T22:35:00.000Z","2026-06-25","late","Close the loop on SEFA prep. Save award number near federal share."
"grantpipe-2026-252-2026-06-25-morning-threads","grantpipe-2026-252-2026-06-25-morning","threads","cmq5b15k300k4qp0yypplg57c","2026-06-25T13:45:00.000Z","2026-06-25","morning","Small grant check: UEI record. Match award file to funder form. Then name the grant owner."
"grantpipe-2026-252-2026-06-25-midday-threads","grantpipe-2026-252-2026-06-25-midday","threads","cmq5b15k300k4qp0yypplg57c","2026-06-25T18:15:00.000Z","2026-06-25","midday","For ALN note, keep the file plain. Show award file. Show report folder. Name the next step."
"grantpipe-2026-252-2026-06-25-late-threads","grantpipe-2026-252-2026-06-25-late","threads","cmq5b15k300k4qp0yypplg57c","2026-06-25T22:35:00.000Z","2026-06-25","late","Before the day ends, check SEFA prep. Put award number next to federal share."
"grantpipe-2026-252-2026-06-26-morning-linkedin","grantpipe-2026-252-2026-06-26-morning","linkedin","cmorp6oby03pgmq0ye7e3n7j0","2026-06-26T13:45:00.000Z","2026-06-26","morning","drawdown log check.

Match request date to cash receipt. Name the finance.

If it breaks, write the next step."
"grantpipe-2026-252-2026-06-26-midday-linkedin","grantpipe-2026-252-2026-06-26-midday","linkedin","cmorp6oby03pgmq0ye7e3n7j0","2026-06-26T18:15:00.000Z","2026-06-26","midday","Keep 2 CFR note plain.

Show policy file. Show cost test.

Then name who owns the next step."
"grantpipe-2026-252-2026-06-26-late-linkedin","grantpipe-2026-252-2026-06-26-late","linkedin","cmorp6oby03pgmq0ye7e3n7j0","2026-06-26T22:35:00.000Z","2026-06-26","late","End the day with pass-through award.

Save prime funder near report term.

A clean file helps the next reviewer."
"grantpipe-2026-252-2026-06-26-morning-x","grantpipe-2026-252-2026-06-26-morning","x","cmq5aut9y0087mv0yt9otastk","2026-06-26T13:45:00.000Z","2026-06-26","morning","drawdown log check: match request date to cash receipt. Name the finance."
"grantpipe-2026-252-2026-06-26-midday-x","grantpipe-2026-252-2026-06-26-midday","x","cmq5aut9y0087mv0yt9otastk","2026-06-26T18:15:00.000Z","2026-06-26","midday","Keep 2 CFR note simple. Show policy file. Show cost test. Name the next owner."
"grantpipe-2026-252-2026-06-26-late-x","grantpipe-2026-252-2026-06-26-late","x","cmq5aut9y0087mv0yt9otastk","2026-06-26T22:35:00.000Z","2026-06-26","late","Close the loop on pass-through award. Save prime funder near report term."
"grantpipe-2026-252-2026-06-26-morning-threads","grantpipe-2026-252-2026-06-26-morning","threads","cmq5b15k300k4qp0yypplg57c","2026-06-26T13:45:00.000Z","2026-06-26","morning","Small grant check: drawdown log. Match request date to cash receipt. Then name the finance."
"grantpipe-2026-252-2026-06-26-midday-threads","grantpipe-2026-252-2026-06-26-midday","threads","cmq5b15k300k4qp0yypplg57c","2026-06-26T18:15:00.000Z","2026-06-26","midday","For 2 CFR note, keep the file plain. Show policy file. Show cost test. Name the next step."
"grantpipe-2026-252-2026-06-26-late-threads","grantpipe-2026-252-2026-06-26-late","threads","cmq5b15k300k4qp0yypplg57c","2026-06-26T22:35:00.000Z","2026-06-26","late","Before the day ends, check pass-through award. Put prime funder next to report term."
"grantpipe-2026-252-2026-06-27-morning-linkedin","grantpipe-2026-252-2026-06-27-morning","linkedin","cmorp6oby03pgmq0ye7e3n7j0","2026-06-27T13:45:00.000Z","2026-06-27","morning","supply cost check.

Match receipt to program note. Name the reviewer.

If it breaks, write the next step."
"grantpipe-2026-252-2026-06-27-midday-linkedin","grantpipe-2026-252-2026-06-27-midday","linkedin","cmorp6oby03pgmq0ye7e3n7j0","2026-06-27T18:15:00.000Z","2026-06-27","midday","Keep travel cost plain.

Show approval. Show grant purpose.

Then name who owns the next step."
"grantpipe-2026-252-2026-06-27-late-linkedin","grantpipe-2026-252-2026-06-27-late","linkedin","cmorp6oby03pgmq0ye7e3n7j0","2026-06-27T22:35:00.000Z","2026-06-27","late","End the day with equipment note.

Save item list near award rule.

A clean file helps the next reviewer."
"grantpipe-2026-252-2026-06-27-morning-x","grantpipe-2026-252-2026-06-27-morning","x","cmq5aut9y0087mv0yt9otastk","2026-06-27T13:45:00.000Z","2026-06-27","morning","supply cost check: match receipt to program note. Name the reviewer."
"grantpipe-2026-252-2026-06-27-midday-x","grantpipe-2026-252-2026-06-27-midday","x","cmq5aut9y0087mv0yt9otastk","2026-06-27T18:15:00.000Z","2026-06-27","midday","Keep travel cost simple. Show approval. Show grant purpose. Name the next owner."
"grantpipe-2026-252-2026-06-27-late-x","grantpipe-2026-252-2026-06-27-late","x","cmq5aut9y0087mv0yt9otastk","2026-06-27T22:35:00.000Z","2026-06-27","late","Close the loop on equipment note. Save item list near award rule."
"grantpipe-2026-252-2026-06-27-morning-threads","grantpipe-2026-252-2026-06-27-morning","threads","cmq5b15k300k4qp0yypplg57c","2026-06-27T13:45:00.000Z","2026-06-27","morning","Small grant check: supply cost. Match receipt to program note. Then name the reviewer."
"grantpipe-2026-252-2026-06-27-midday-threads","grantpipe-2026-252-2026-06-27-midday","threads","cmq5b15k300k4qp0yypplg57c","2026-06-27T18:15:00.000Z","2026-06-27","midday","For travel cost, keep the file plain. Show approval. Show grant purpose. Name the next step."
"grantpipe-2026-252-2026-06-27-late-threads","grantpipe-2026-252-2026-06-27-late","threads","cmq5b15k300k4qp0yypplg57c","2026-06-27T22:35:00.000Z","2026-06-27","late","Before the day ends, check equipment note. Put item list next to award rule."
"grantpipe-2026-252-2026-06-28-morning-linkedin","grantpipe-2026-252-2026-06-28-morning","linkedin","cmorp6oby03pgmq0ye7e3n7j0","2026-06-28T13:45:00.000Z","2026-06-28","morning","report draft check.

Match GL total to file proof. Name the finance.

If it breaks, write the next step."
"grantpipe-2026-252-2026-06-28-midday-linkedin","grantpipe-2026-252-2026-06-28-midday","linkedin","cmorp6oby03pgmq0ye7e3n7j0","2026-06-28T18:15:00.000Z","2026-06-28","midday","Keep monitoring note plain.

Show site check. Show follow-up.

Then name who owns the next step."
"grantpipe-2026-252-2026-06-28-late-linkedin","grantpipe-2026-252-2026-06-28-late","linkedin","cmorp6oby03pgmq0ye7e3n7j0","2026-06-28T22:35:00.000Z","2026-06-28","late","End the day with subaward check.

Save partner invoice near review note.

A clean file helps the next reviewer."
"grantpipe-2026-252-2026-06-28-morning-x","grantpipe-2026-252-2026-06-28-morning","x","cmq5aut9y0087mv0yt9otastk","2026-06-28T13:45:00.000Z","2026-06-28","morning","report draft check: match GL total to file proof. Name the finance."
"grantpipe-2026-252-2026-06-28-midday-x","grantpipe-2026-252-2026-06-28-midday","x","cmq5aut9y0087mv0yt9otastk","2026-06-28T18:15:00.000Z","2026-06-28","midday","Keep monitoring note simple. Show site check. Show follow-up. Name the next owner."
"grantpipe-2026-252-2026-06-28-late-x","grantpipe-2026-252-2026-06-28-late","x","cmq5aut9y0087mv0yt9otastk","2026-06-28T22:35:00.000Z","2026-06-28","late","Close the loop on subaward check. Save partner invoice near review note."
"grantpipe-2026-252-2026-06-28-morning-threads","grantpipe-2026-252-2026-06-28-morning","threads","cmq5b15k300k4qp0yypplg57c","2026-06-28T13:45:00.000Z","2026-06-28","morning","Small grant check: report draft. Match GL total to file proof. Then name the finance."
"grantpipe-2026-252-2026-06-28-midday-threads","grantpipe-2026-252-2026-06-28-midday","threads","cmq5b15k300k4qp0yypplg57c","2026-06-28T18:15:00.000Z","2026-06-28","midday","For monitoring note, keep the file plain. Show site check. Show follow-up. Name the next step."
"grantpipe-2026-252-2026-06-28-late-threads","grantpipe-2026-252-2026-06-28-late","threads","cmq5b15k300k4qp0yypplg57c","2026-06-28T22:35:00.000Z","2026-06-28","late","Before the day ends, check subaward check. Put partner invoice next to review note."
"grantpipe-2026-252-2026-06-29-morning-linkedin","grantpipe-2026-252-2026-06-29-morning","linkedin","cmorp6oby03pgmq0ye7e3n7j0","2026-06-29T13:45:00.000Z","2026-06-29","morning","funder email check.

Match decision note to next step. Name the grant owner.

If it breaks, write the next step."
"grantpipe-2026-252-2026-06-29-midday-linkedin","grantpipe-2026-252-2026-06-29-midday","linkedin","cmorp6oby03pgmq0ye7e3n7j0","2026-06-29T18:15:00.000Z","2026-06-29","midday","Keep award renewal plain.

Show old budget. Show new ask.

Then name who owns the next step."
"grantpipe-2026-252-2026-06-29-late-linkedin","grantpipe-2026-252-2026-06-29-late","linkedin","cmorp6oby03pgmq0ye7e3n7j0","2026-06-29T22:35:00.000Z","2026-06-29","late","End the day with closeout binder.

Save final report near support file.

A clean file helps the next reviewer."
"grantpipe-2026-252-2026-06-29-morning-x","grantpipe-2026-252-2026-06-29-morning","x","cmq5aut9y0087mv0yt9otastk","2026-06-29T13:45:00.000Z","2026-06-29","morning","funder email check: match decision note to next step. Name the grant owner."
"grantpipe-2026-252-2026-06-29-midday-x","grantpipe-2026-252-2026-06-29-midday","x","cmq5aut9y0087mv0yt9otastk","2026-06-29T18:15:00.000Z","2026-06-29","midday","Keep award renewal simple. Show old budget. Show new ask. Name the next owner."
"grantpipe-2026-252-2026-06-29-late-x","grantpipe-2026-252-2026-06-29-late","x","cmq5aut9y0087mv0yt9otastk","2026-06-29T22:35:00.000Z","2026-06-29","late","Close the loop on closeout binder. Save final report near support file."
"grantpipe-2026-252-2026-06-29-morning-threads","grantpipe-2026-252-2026-06-29-morning","threads","cmq5b15k300k4qp0yypplg57c","2026-06-29T13:45:00.000Z","2026-06-29","morning","Small grant check: funder email. Match decision note to next step. Then name the grant owner."
"grantpipe-2026-252-2026-06-29-midday-threads","grantpipe-2026-252-2026-06-29-midday","threads","cmq5b15k300k4qp0yypplg57c","2026-06-29T18:15:00.000Z","2026-06-29","midday","For award renewal, keep the file plain. Show old budget. Show new ask. Name the next step."
"grantpipe-2026-252-2026-06-29-late-threads","grantpipe-2026-252-2026-06-29-late","threads","cmq5b15k300k4qp0yypplg57c","2026-06-29T22:35:00.000Z","2026-06-29","late","Before the day ends, check closeout binder. Put final report next to support file."
"grantpipe-2026-252-2026-06-30-morning-linkedin","grantpipe-2026-252-2026-06-30-morning","linkedin","cmorp6oby03pgmq0ye7e3n7j0","2026-06-30T13:45:00.000Z","2026-06-30","morning","foundation note check.

Match public filing to prospect file. Name the development.

If it breaks, write the next step."
"grantpipe-2026-252-2026-06-30-midday-linkedin","grantpipe-2026-252-2026-06-30-midday","linkedin","cmorp6oby03pgmq0ye7e3n7j0","2026-06-30T18:15:00.000Z","2026-06-30","midday","Keep Grants.gov hit plain.

Show source link. Show pipeline record.

Then name who owns the next step."
"grantpipe-2026-252-2026-06-30-late-linkedin","grantpipe-2026-252-2026-06-30-late","linkedin","cmorp6oby03pgmq0ye7e3n7j0","2026-06-30T22:35:00.000Z","2026-06-30","late","End the day with CSV import.

Save old sheet near new record.

A clean file helps the next reviewer."
"grantpipe-2026-252-2026-06-30-morning-x","grantpipe-2026-252-2026-06-30-morning","x","cmq5aut9y0087mv0yt9otastk","2026-06-30T13:45:00.000Z","2026-06-30","morning","foundation note check: match public filing to prospect file. Name the development."
"grantpipe-2026-252-2026-06-30-midday-x","grantpipe-2026-252-2026-06-30-midday","x","cmq5aut9y0087mv0yt9otastk","2026-06-30T18:15:00.000Z","2026-06-30","midday","Keep Grants.gov hit simple. Show source link. Show pipeline record. Name the next owner."
"grantpipe-2026-252-2026-06-30-late-x","grantpipe-2026-252-2026-06-30-late","x","cmq5aut9y0087mv0yt9otastk","2026-06-30T22:35:00.000Z","2026-06-30","late","Close the loop on CSV import. Save old sheet near new record."
"grantpipe-2026-252-2026-06-30-morning-threads","grantpipe-2026-252-2026-06-30-morning","threads","cmq5b15k300k4qp0yypplg57c","2026-06-30T13:45:00.000Z","2026-06-30","morning","Small grant check: foundation note. Match public filing to prospect file. Then name the development."
"grantpipe-2026-252-2026-06-30-midday-threads","grantpipe-2026-252-2026-06-30-midday","threads","cmq5b15k300k4qp0yypplg57c","2026-06-30T18:15:00.000Z","2026-06-30","midday","For Grants.gov hit, keep the file plain. Show source link. Show pipeline record. Name the next step."
"grantpipe-2026-252-2026-06-30-late-threads","grantpipe-2026-252-2026-06-30-late","threads","cmq5b15k300k4qp0yypplg57c","2026-06-30T22:35:00.000Z","2026-06-30","late","Before the day ends, check CSV import. Put old sheet next to new record."
"grantpipe-2026-252-2026-07-01-morning-linkedin","grantpipe-2026-252-2026-07-01-morning","linkedin","cmorp6oby03pgmq0ye7e3n7j0","2026-07-01T13:45:00.000Z","2026-07-01","morning","spreadsheet risk check.

Match manual total to source row. Name the finance.

If it breaks, write the next step."
"grantpipe-2026-252-2026-07-01-midday-linkedin","grantpipe-2026-252-2026-07-01-midday","linkedin","cmorp6oby03pgmq0ye7e3n7j0","2026-07-01T18:15:00.000Z","2026-07-01","midday","Keep shared drive gap plain.

Show file link. Show owner note.

Then name who owns the next step."
"grantpipe-2026-252-2026-07-01-late-linkedin","grantpipe-2026-252-2026-07-01-late","linkedin","cmorp6oby03pgmq0ye7e3n7j0","2026-07-01T22:35:00.000Z","2026-07-01","late","End the day with donor CRM gap.

Save grant term near finance note.

A clean file helps the next reviewer."
"grantpipe-2026-252-2026-07-01-morning-x","grantpipe-2026-252-2026-07-01-morning","x","cmq5aut9y0087mv0yt9otastk","2026-07-01T13:45:00.000Z","2026-07-01","morning","spreadsheet risk check: match manual total to source row. Name the finance."
"grantpipe-2026-252-2026-07-01-midday-x","grantpipe-2026-252-2026-07-01-midday","x","cmq5aut9y0087mv0yt9otastk","2026-07-01T18:15:00.000Z","2026-07-01","midday","Keep shared drive gap simple. Show file link. Show owner note. Name the next owner."
"grantpipe-2026-252-2026-07-01-late-x","grantpipe-2026-252-2026-07-01-late","x","cmq5aut9y0087mv0yt9otastk","2026-07-01T22:35:00.000Z","2026-07-01","late","Close the loop on donor CRM gap. Save grant term near finance note."
"grantpipe-2026-252-2026-07-01-morning-threads","grantpipe-2026-252-2026-07-01-morning","threads","cmq5b15k300k4qp0yypplg57c","2026-07-01T13:45:00.000Z","2026-07-01","morning","Small grant check: spreadsheet risk. Match manual total to source row. Then name the finance."
"grantpipe-2026-252-2026-07-01-midday-threads","grantpipe-2026-252-2026-07-01-midday","threads","cmq5b15k300k4qp0yypplg57c","2026-07-01T18:15:00.000Z","2026-07-01","midday","For shared drive gap, keep the file plain. Show file link. Show owner note. Name the next step."
"grantpipe-2026-252-2026-07-01-late-threads","grantpipe-2026-252-2026-07-01-late","threads","cmq5b15k300k4qp0yypplg57c","2026-07-01T22:35:00.000Z","2026-07-01","late","Before the day ends, check donor CRM gap. Put grant term next to finance note."
"grantpipe-2026-252-2026-07-02-morning-linkedin","grantpipe-2026-252-2026-07-02-morning","linkedin","cmorp6oby03pgmq0ye7e3n7j0","2026-07-02T13:45:00.000Z","2026-07-02","morning","no setup fee check.

Match signup path to team note. Name the buyer.

If it breaks, write the next step."
"grantpipe-2026-252-2026-07-02-midday-linkedin","grantpipe-2026-252-2026-07-02-midday","linkedin","cmorp6oby03pgmq0ye7e3n7j0","2026-07-02T18:15:00.000Z","2026-07-02","midday","Keep free trial plain.

Show real data. Show setup step.

Then name who owns the next step."
"grantpipe-2026-252-2026-07-02-late-linkedin","grantpipe-2026-252-2026-07-02-late","linkedin","cmorp6oby03pgmq0ye7e3n7j0","2026-07-02T22:35:00.000Z","2026-07-02","late","End the day with public pricing.

Save plan page near trial note.

A clean file helps the next reviewer."
"grantpipe-2026-252-2026-07-02-morning-x","grantpipe-2026-252-2026-07-02-morning","x","cmq5aut9y0087mv0yt9otastk","2026-07-02T13:45:00.000Z","2026-07-02","morning","no setup fee check: match signup path to team note. Name the buyer."
"grantpipe-2026-252-2026-07-02-midday-x","grantpipe-2026-252-2026-07-02-midday","x","cmq5aut9y0087mv0yt9otastk","2026-07-02T18:15:00.000Z","2026-07-02","midday","Keep free trial simple. Show real data. Show setup step. Name the next owner."
"grantpipe-2026-252-2026-07-02-late-x","grantpipe-2026-252-2026-07-02-late","x","cmq5aut9y0087mv0yt9otastk","2026-07-02T22:35:00.000Z","2026-07-02","late","Close the loop on public pricing. Save plan page near trial note."
"grantpipe-2026-252-2026-07-02-morning-threads","grantpipe-2026-252-2026-07-02-morning","threads","cmq5b15k300k4qp0yypplg57c","2026-07-02T13:45:00.000Z","2026-07-02","morning","Small grant check: no setup fee. Match signup path to team note. Then name the buyer."
"grantpipe-2026-252-2026-07-02-midday-threads","grantpipe-2026-252-2026-07-02-midday","threads","cmq5b15k300k4qp0yypplg57c","2026-07-02T18:15:00.000Z","2026-07-02","midday","For free trial, keep the file plain. Show real data. Show setup step. Name the next step."
"grantpipe-2026-252-2026-07-02-late-threads","grantpipe-2026-252-2026-07-02-late","threads","cmq5b15k300k4qp0yypplg57c","2026-07-02T22:35:00.000Z","2026-07-02","late","Before the day ends, check public pricing. Put plan page next to trial note."
"grantpipe-2026-252-2026-07-03-morning-linkedin","grantpipe-2026-252-2026-07-03-morning","linkedin","cmorp6oby03pgmq0ye7e3n7j0","2026-07-03T13:45:00.000Z","2026-07-03","morning","activity log check.

Match change note to record owner. Name the reviewer.

If it breaks, write the next step."
"grantpipe-2026-252-2026-07-03-midday-linkedin","grantpipe-2026-252-2026-07-03-midday","linkedin","cmorp6oby03pgmq0ye7e3n7j0","2026-07-03T18:15:00.000Z","2026-07-03","midday","Keep funder portal plain.

Show grant file. Show report proof.

Then name who owns the next step."
"grantpipe-2026-252-2026-07-03-late-linkedin","grantpipe-2026-252-2026-07-03-late","linkedin","cmorp6oby03pgmq0ye7e3n7j0","2026-07-03T22:35:00.000Z","2026-07-03","late","End the day with auditor portal.

Save read-only file near review scope.

A clean file helps the next reviewer."
"grantpipe-2026-252-2026-07-03-morning-x","grantpipe-2026-252-2026-07-03-morning","x","cmq5aut9y0087mv0yt9otastk","2026-07-03T13:45:00.000Z","2026-07-03","morning","activity log check: match change note to record owner. Name the reviewer."
"grantpipe-2026-252-2026-07-03-midday-x","grantpipe-2026-252-2026-07-03-midday","x","cmq5aut9y0087mv0yt9otastk","2026-07-03T18:15:00.000Z","2026-07-03","midday","Keep funder portal simple. Show grant file. Show report proof. Name the next owner."
"grantpipe-2026-252-2026-07-03-late-x","grantpipe-2026-252-2026-07-03-late","x","cmq5aut9y0087mv0yt9otastk","2026-07-03T22:35:00.000Z","2026-07-03","late","Close the loop on auditor portal. Save read-only file near review scope."
"grantpipe-2026-252-2026-07-03-morning-threads","grantpipe-2026-252-2026-07-03-morning","threads","cmq5b15k300k4qp0yypplg57c","2026-07-03T13:45:00.000Z","2026-07-03","morning","Small grant check: activity log. Match change note to record owner. Then name the reviewer."
"grantpipe-2026-252-2026-07-03-midday-threads","grantpipe-2026-252-2026-07-03-midday","threads","cmq5b15k300k4qp0yypplg57c","2026-07-03T18:15:00.000Z","2026-07-03","midday","For funder portal, keep the file plain. Show grant file. Show report proof. Name the next step."
"grantpipe-2026-252-2026-07-03-late-threads","grantpipe-2026-252-2026-07-03-late","threads","cmq5b15k300k4qp0yypplg57c","2026-07-03T22:35:00.000Z","2026-07-03","late","Before the day ends, check auditor portal. Put read-only file next to review scope."
"grantpipe-2026-252-2026-07-04-morning-linkedin","grantpipe-2026-252-2026-07-04-morning","linkedin","cmorp6oby03pgmq0ye7e3n7j0","2026-07-04T13:45:00.000Z","2026-07-04","morning","spend-down note check.

Match spent line to balance. Name the grant owner.

If it breaks, write the next step."
"grantpipe-2026-252-2026-07-04-midday-linkedin","grantpipe-2026-252-2026-07-04-midday","linkedin","cmorp6oby03pgmq0ye7e3n7j0","2026-07-04T18:15:00.000Z","2026-07-04","midday","Keep fund release plain.

Show purpose met. Show proof note.

Then name who owns the next step."
"grantpipe-2026-252-2026-07-04-late-linkedin","grantpipe-2026-252-2026-07-04-late","linkedin","cmorp6oby03pgmq0ye7e3n7j0","2026-07-04T22:35:00.000Z","2026-07-04","late","End the day with evidence trail.

Save source file near report answer.

A clean file helps the next reviewer."
"grantpipe-2026-252-2026-07-04-morning-x","grantpipe-2026-252-2026-07-04-morning","x","cmq5aut9y0087mv0yt9otastk","2026-07-04T13:45:00.000Z","2026-07-04","morning","spend-down note check: match spent line to balance. Name the grant owner."
"grantpipe-2026-252-2026-07-04-midday-x","grantpipe-2026-252-2026-07-04-midday","x","cmq5aut9y0087mv0yt9otastk","2026-07-04T18:15:00.000Z","2026-07-04","midday","Keep fund release simple. Show purpose met. Show proof note. Name the next owner."
"grantpipe-2026-252-2026-07-04-late-x","grantpipe-2026-252-2026-07-04-late","x","cmq5aut9y0087mv0yt9otastk","2026-07-04T22:35:00.000Z","2026-07-04","late","Close the loop on evidence trail. Save source file near report answer."
"grantpipe-2026-252-2026-07-04-morning-threads","grantpipe-2026-252-2026-07-04-morning","threads","cmq5b15k300k4qp0yypplg57c","2026-07-04T13:45:00.000Z","2026-07-04","morning","Small grant check: spend-down note. Match spent line to balance. Then name the grant owner."
"grantpipe-2026-252-2026-07-04-midday-threads","grantpipe-2026-252-2026-07-04-midday","threads","cmq5b15k300k4qp0yypplg57c","2026-07-04T18:15:00.000Z","2026-07-04","midday","For fund release, keep the file plain. Show purpose met. Show proof note. Name the next step."
"grantpipe-2026-252-2026-07-04-late-threads","grantpipe-2026-252-2026-07-04-late","threads","cmq5b15k300k4qp0yypplg57c","2026-07-04T22:35:00.000Z","2026-07-04","late","Before the day ends, check evidence trail. Put source file next to report answer."
"grantpipe-2026-252-2026-07-05-morning-linkedin","grantpipe-2026-252-2026-07-05-morning","linkedin","cmorp6oby03pgmq0ye7e3n7j0","2026-07-05T13:45:00.000Z","2026-07-05","morning","Friday check check.

Match changed item to next step. Name the team.

If it breaks, write the next step."
"grantpipe-2026-252-2026-07-05-midday-linkedin","grantpipe-2026-252-2026-07-05-midday","linkedin","cmorp6oby03pgmq0ye7e3n7j0","2026-07-05T18:15:00.000Z","2026-07-05","midday","Keep Monday list plain.

Show due item. Show blocked item.

Then name who owns the next step."
"grantpipe-2026-252-2026-07-05-late-linkedin","grantpipe-2026-252-2026-07-05-late","linkedin","cmorp6oby03pgmq0ye7e3n7j0","2026-07-05T22:35:00.000Z","2026-07-05","late","End the day with board prep.

Save grant list near risk note.

A clean file helps the next reviewer."
"grantpipe-2026-252-2026-07-05-morning-x","grantpipe-2026-252-2026-07-05-morning","x","cmq5aut9y0087mv0yt9otastk","2026-07-05T13:45:00.000Z","2026-07-05","morning","Friday check check: match changed item to next step. Name the team."
"grantpipe-2026-252-2026-07-05-midday-x","grantpipe-2026-252-2026-07-05-midday","x","cmq5aut9y0087mv0yt9otastk","2026-07-05T18:15:00.000Z","2026-07-05","midday","Keep Monday list simple. Show due item. Show blocked item. Name the next owner."
"grantpipe-2026-252-2026-07-05-late-x","grantpipe-2026-252-2026-07-05-late","x","cmq5aut9y0087mv0yt9otastk","2026-07-05T22:35:00.000Z","2026-07-05","late","Close the loop on board prep. Save grant list near risk note."
"grantpipe-2026-252-2026-07-05-morning-threads","grantpipe-2026-252-2026-07-05-morning","threads","cmq5b15k300k4qp0yypplg57c","2026-07-05T13:45:00.000Z","2026-07-05","morning","Small grant check: Friday check. Match changed item to next step. Then name the team."
"grantpipe-2026-252-2026-07-05-midday-threads","grantpipe-2026-252-2026-07-05-midday","threads","cmq5b15k300k4qp0yypplg57c","2026-07-05T18:15:00.000Z","2026-07-05","midday","For Monday list, keep the file plain. Show due item. Show blocked item. Name the next step."
"grantpipe-2026-252-2026-07-05-late-threads","grantpipe-2026-252-2026-07-05-late","threads","cmq5b15k300k4qp0yypplg57c","2026-07-05T22:35:00.000Z","2026-07-05","late","Before the day ends, check board prep. Put grant list next to risk note."
"grantpipe-2026-252-2026-07-06-morning-linkedin","grantpipe-2026-252-2026-07-06-morning","linkedin","cmorp6oby03pgmq0ye7e3n7j0","2026-07-06T13:45:00.000Z","2026-07-06","morning","approval trail check.

Match who approved to why it fits. Name the reviewer.

If it breaks, write the next step."
"grantpipe-2026-252-2026-07-06-midday-linkedin","grantpipe-2026-252-2026-07-06-midday","linkedin","cmorp6oby03pgmq0ye7e3n7j0","2026-07-06T18:15:00.000Z","2026-07-06","midday","Keep report owner plain.

Show draft date. Show send date.

Then name who owns the next step."
"grantpipe-2026-252-2026-07-06-late-linkedin","grantpipe-2026-252-2026-07-06-late","linkedin","cmorp6oby03pgmq0ye7e3n7j0","2026-07-06T22:35:00.000Z","2026-07-06","late","End the day with weekend cleanup.

Save file name near owner note.

A clean file helps the next reviewer."
"grantpipe-2026-252-2026-07-06-morning-x","grantpipe-2026-252-2026-07-06-morning","x","cmq5aut9y0087mv0yt9otastk","2026-07-06T13:45:00.000Z","2026-07-06","morning","approval trail check: match who approved to why it fits. Name the reviewer."
"grantpipe-2026-252-2026-07-06-midday-x","grantpipe-2026-252-2026-07-06-midday","x","cmq5aut9y0087mv0yt9otastk","2026-07-06T18:15:00.000Z","2026-07-06","midday","Keep report owner simple. Show draft date. Show send date. Name the next owner."
"grantpipe-2026-252-2026-07-06-late-x","grantpipe-2026-252-2026-07-06-late","x","cmq5aut9y0087mv0yt9otastk","2026-07-06T22:35:00.000Z","2026-07-06","late","Close the loop on weekend cleanup. Save file name near owner note."
"grantpipe-2026-252-2026-07-06-morning-threads","grantpipe-2026-252-2026-07-06-morning","threads","cmq5b15k300k4qp0yypplg57c","2026-07-06T13:45:00.000Z","2026-07-06","morning","Small grant check: approval trail. Match who approved to why it fits. Then name the reviewer."
"grantpipe-2026-252-2026-07-06-midday-threads","grantpipe-2026-252-2026-07-06-midday","threads","cmq5b15k300k4qp0yypplg57c","2026-07-06T18:15:00.000Z","2026-07-06","midday","For report owner, keep the file plain. Show draft date. Show send date. Name the next step."
"grantpipe-2026-252-2026-07-06-late-threads","grantpipe-2026-252-2026-07-06-late","threads","cmq5b15k300k4qp0yypplg57c","2026-07-06T22:35:00.000Z","2026-07-06","late","Before the day ends, check weekend cleanup. Put file name next to owner note."
"grantpipe-2026-252-2026-07-07-morning-linkedin","grantpipe-2026-252-2026-07-07-morning","linkedin","cmorp6oby03pgmq0ye7e3n7j0","2026-07-07T13:45:00.000Z","2026-07-07","morning","open obligation check.

Match vendor bill to closeout date. Name the finance.

If it breaks, write the next step."
"grantpipe-2026-252-2026-07-07-midday-linkedin","grantpipe-2026-252-2026-07-07-midday","linkedin","cmorp6oby03pgmq0ye7e3n7j0","2026-07-07T18:15:00.000Z","2026-07-07","midday","Keep journal entry plain.

Show grant code. Show support note.

Then name who owns the next step."
"grantpipe-2026-252-2026-07-07-late-linkedin","grantpipe-2026-252-2026-07-07-late","linkedin","cmorp6oby03pgmq0ye7e3n7j0","2026-07-07T22:35:00.000Z","2026-07-07","late","End the day with cost transfer.

Save old code near new code.

A clean file helps the next reviewer."
"grantpipe-2026-252-2026-07-07-morning-x","grantpipe-2026-252-2026-07-07-morning","x","cmq5aut9y0087mv0yt9otastk","2026-07-07T13:45:00.000Z","2026-07-07","morning","open obligation check: match vendor bill to closeout date. Name the finance."
"grantpipe-2026-252-2026-07-07-midday-x","grantpipe-2026-252-2026-07-07-midday","x","cmq5aut9y0087mv0yt9otastk","2026-07-07T18:15:00.000Z","2026-07-07","midday","Keep journal entry simple. Show grant code. Show support note. Name the next owner."
"grantpipe-2026-252-2026-07-07-late-x","grantpipe-2026-252-2026-07-07-late","x","cmq5aut9y0087mv0yt9otastk","2026-07-07T22:35:00.000Z","2026-07-07","late","Close the loop on cost transfer. Save old code near new code."
"grantpipe-2026-252-2026-07-07-morning-threads","grantpipe-2026-252-2026-07-07-morning","threads","cmq5b15k300k4qp0yypplg57c","2026-07-07T13:45:00.000Z","2026-07-07","morning","Small grant check: open obligation. Match vendor bill to closeout date. Then name the finance."
"grantpipe-2026-252-2026-07-07-midday-threads","grantpipe-2026-252-2026-07-07-midday","threads","cmq5b15k300k4qp0yypplg57c","2026-07-07T18:15:00.000Z","2026-07-07","midday","For journal entry, keep the file plain. Show grant code. Show support note. Name the next step."
"grantpipe-2026-252-2026-07-07-late-threads","grantpipe-2026-252-2026-07-07-late","threads","cmq5b15k300k4qp0yypplg57c","2026-07-07T22:35:00.000Z","2026-07-07","late","Before the day ends, check cost transfer. Put old code next to new code."
"grantpipe-2026-252-2026-07-08-morning-linkedin","grantpipe-2026-252-2026-07-08-morning","linkedin","cmorp6oby03pgmq0ye7e3n7j0","2026-07-08T13:45:00.000Z","2026-07-08","morning","cash receipt check.

Match deposit date to grant code. Name the finance.

If it breaks, write the next step."
"grantpipe-2026-252-2026-07-08-midday-linkedin","grantpipe-2026-252-2026-07-08-midday","linkedin","cmorp6oby03pgmq0ye7e3n7j0","2026-07-08T18:15:00.000Z","2026-07-08","midday","Keep renewal file plain.

Show old report. Show next ask.

Then name who owns the next step."
"grantpipe-2026-252-2026-07-08-late-linkedin","grantpipe-2026-252-2026-07-08-late","linkedin","cmorp6oby03pgmq0ye7e3n7j0","2026-07-08T22:35:00.000Z","2026-07-08","late","End the day with award period.

Save start date near end date.

A clean file helps the next reviewer."
"grantpipe-2026-252-2026-07-08-morning-x","grantpipe-2026-252-2026-07-08-morning","x","cmq5aut9y0087mv0yt9otastk","2026-07-08T13:45:00.000Z","2026-07-08","morning","cash receipt check: match deposit date to grant code. Name the finance."
"grantpipe-2026-252-2026-07-08-midday-x","grantpipe-2026-252-2026-07-08-midday","x","cmq5aut9y0087mv0yt9otastk","2026-07-08T18:15:00.000Z","2026-07-08","midday","Keep renewal file simple. Show old report. Show next ask. Name the next owner."
"grantpipe-2026-252-2026-07-08-late-x","grantpipe-2026-252-2026-07-08-late","x","cmq5aut9y0087mv0yt9otastk","2026-07-08T22:35:00.000Z","2026-07-08","late","Close the loop on award period. Save start date near end date."
"grantpipe-2026-252-2026-07-08-morning-threads","grantpipe-2026-252-2026-07-08-morning","threads","cmq5b15k300k4qp0yypplg57c","2026-07-08T13:45:00.000Z","2026-07-08","morning","Small grant check: cash receipt. Match deposit date to grant code. Then name the finance."
"grantpipe-2026-252-2026-07-08-midday-threads","grantpipe-2026-252-2026-07-08-midday","threads","cmq5b15k300k4qp0yypplg57c","2026-07-08T18:15:00.000Z","2026-07-08","midday","For renewal file, keep the file plain. Show old report. Show next ask. Name the next step."
"grantpipe-2026-252-2026-07-08-late-threads","grantpipe-2026-252-2026-07-08-late","threads","cmq5b15k300k4qp0yypplg57c","2026-07-08T22:35:00.000Z","2026-07-08","late","Before the day ends, check award period. Put start date next to end date."
"grantpipe-2026-252-2026-07-09-morning-linkedin","grantpipe-2026-252-2026-07-09-morning","linkedin","cmorp6oby03pgmq0ye7e3n7j0","2026-07-09T13:45:00.000Z","2026-07-09","morning","risk note check.

Match missing proof to next check. Name the grant owner.

If it breaks, write the next step."
"grantpipe-2026-252-2026-07-09-midday-linkedin","grantpipe-2026-252-2026-07-09-midday","linkedin","cmorp6oby03pgmq0ye7e3n7j0","2026-07-09T18:15:00.000Z","2026-07-09","midday","Keep grant status plain.

Show open task. Show owner.

Then name who owns the next step."
"grantpipe-2026-252-2026-07-09-late-linkedin","grantpipe-2026-252-2026-07-09-late","linkedin","cmorp6oby03pgmq0ye7e3n7j0","2026-07-09T22:35:00.000Z","2026-07-09","late","End the day with board view.

Save fund balance near next deadline.

A clean file helps the next reviewer."
"grantpipe-2026-252-2026-07-09-morning-x","grantpipe-2026-252-2026-07-09-morning","x","cmq5aut9y0087mv0yt9otastk","2026-07-09T13:45:00.000Z","2026-07-09","morning","risk note check: match missing proof to next check. Name the grant owner."
"grantpipe-2026-252-2026-07-09-midday-x","grantpipe-2026-252-2026-07-09-midday","x","cmq5aut9y0087mv0yt9otastk","2026-07-09T18:15:00.000Z","2026-07-09","midday","Keep grant status simple. Show open task. Show owner. Name the next owner."
"grantpipe-2026-252-2026-07-09-late-x","grantpipe-2026-252-2026-07-09-late","x","cmq5aut9y0087mv0yt9otastk","2026-07-09T22:35:00.000Z","2026-07-09","late","Close the loop on board view. Save fund balance near next deadline."
"grantpipe-2026-252-2026-07-09-morning-threads","grantpipe-2026-252-2026-07-09-morning","threads","cmq5b15k300k4qp0yypplg57c","2026-07-09T13:45:00.000Z","2026-07-09","morning","Small grant check: risk note. Match missing proof to next check. Then name the grant owner."
"grantpipe-2026-252-2026-07-09-midday-threads","grantpipe-2026-252-2026-07-09-midday","threads","cmq5b15k300k4qp0yypplg57c","2026-07-09T18:15:00.000Z","2026-07-09","midday","For grant status, keep the file plain. Show open task. Show owner. Name the next step."
"grantpipe-2026-252-2026-07-09-late-threads","grantpipe-2026-252-2026-07-09-late","threads","cmq5b15k300k4qp0yypplg57c","2026-07-09T22:35:00.000Z","2026-07-09","late","Before the day ends, check board view. Put fund balance next to next deadline."
"grantpipe-2026-252-2026-07-10-morning-linkedin","grantpipe-2026-252-2026-07-10-morning","linkedin","cmorp6oby03pgmq0ye7e3n7j0","2026-07-10T13:45:00.000Z","2026-07-10","morning","audit trail check.

Match source row to approval note. Name the reviewer.

If it breaks, write the next step."
"grantpipe-2026-252-2026-07-10-midday-linkedin","grantpipe-2026-252-2026-07-10-midday","linkedin","cmorp6oby03pgmq0ye7e3n7j0","2026-07-10T18:15:00.000Z","2026-07-10","midday","Keep donor limit plain.

Show gift purpose. Show release note.

Then name who owns the next step."
"grantpipe-2026-252-2026-07-10-late-linkedin","grantpipe-2026-252-2026-07-10-late","linkedin","cmorp6oby03pgmq0ye7e3n7j0","2026-07-10T22:35:00.000Z","2026-07-10","late","End the day with report packet.

Save number source near file proof.

A clean file helps the next reviewer."
"grantpipe-2026-252-2026-07-10-morning-x","grantpipe-2026-252-2026-07-10-morning","x","cmq5aut9y0087mv0yt9otastk","2026-07-10T13:45:00.000Z","2026-07-10","morning","audit trail check: match source row to approval note. Name the reviewer."
"grantpipe-2026-252-2026-07-10-midday-x","grantpipe-2026-252-2026-07-10-midday","x","cmq5aut9y0087mv0yt9otastk","2026-07-10T18:15:00.000Z","2026-07-10","midday","Keep donor limit simple. Show gift purpose. Show release note. Name the next owner."
"grantpipe-2026-252-2026-07-10-late-x","grantpipe-2026-252-2026-07-10-late","x","cmq5aut9y0087mv0yt9otastk","2026-07-10T22:35:00.000Z","2026-07-10","late","Close the loop on report packet. Save number source near file proof."
"grantpipe-2026-252-2026-07-10-morning-threads","grantpipe-2026-252-2026-07-10-morning","threads","cmq5b15k300k4qp0yypplg57c","2026-07-10T13:45:00.000Z","2026-07-10","morning","Small grant check: audit trail. Match source row to approval note. Then name the reviewer."
"grantpipe-2026-252-2026-07-10-midday-threads","grantpipe-2026-252-2026-07-10-midday","threads","cmq5b15k300k4qp0yypplg57c","2026-07-10T18:15:00.000Z","2026-07-10","midday","For donor limit, keep the file plain. Show gift purpose. Show release note. Name the next step."
"grantpipe-2026-252-2026-07-10-late-threads","grantpipe-2026-252-2026-07-10-late","threads","cmq5b15k300k4qp0yypplg57c","2026-07-10T22:35:00.000Z","2026-07-10","late","Before the day ends, check report packet. Put number source next to file proof."
"grantpipe-2026-252-2026-07-11-morning-linkedin","grantpipe-2026-252-2026-07-11-morning","linkedin","cmorp6oby03pgmq0ye7e3n7j0","2026-07-11T13:45:00.000Z","2026-07-11","morning","handoff note check.

Match team owner to next date. Name the team.

If it breaks, write the next step."
"grantpipe-2026-252-2026-07-11-midday-linkedin","grantpipe-2026-252-2026-07-11-midday","linkedin","cmorp6oby03pgmq0ye7e3n7j0","2026-07-11T18:15:00.000Z","2026-07-11","midday","Keep source check plain.

Show one number. Show one file.

Then name who owns the next step."
"grantpipe-2026-252-2026-07-11-late-linkedin","grantpipe-2026-252-2026-07-11-late","linkedin","cmorp6oby03pgmq0ye7e3n7j0","2026-07-11T22:35:00.000Z","2026-07-11","late","End the day with grant record.

Save award fact near report fact.

A clean file helps the next reviewer."
"grantpipe-2026-252-2026-07-11-morning-x","grantpipe-2026-252-2026-07-11-morning","x","cmq5aut9y0087mv0yt9otastk","2026-07-11T13:45:00.000Z","2026-07-11","morning","handoff note check: match team owner to next date. Name the team."
"grantpipe-2026-252-2026-07-11-midday-x","grantpipe-2026-252-2026-07-11-midday","x","cmq5aut9y0087mv0yt9otastk","2026-07-11T18:15:00.000Z","2026-07-11","midday","Keep source check simple. Show one number. Show one file. Name the next owner."
"grantpipe-2026-252-2026-07-11-late-x","grantpipe-2026-252-2026-07-11-late","x","cmq5aut9y0087mv0yt9otastk","2026-07-11T22:35:00.000Z","2026-07-11","late","Close the loop on grant record. Save award fact near report fact."
"grantpipe-2026-252-2026-07-11-morning-threads","grantpipe-2026-252-2026-07-11-morning","threads","cmq5b15k300k4qp0yypplg57c","2026-07-11T13:45:00.000Z","2026-07-11","morning","Small grant check: handoff note. Match team owner to next date. Then name the team."
"grantpipe-2026-252-2026-07-11-midday-threads","grantpipe-2026-252-2026-07-11-midday","threads","cmq5b15k300k4qp0yypplg57c","2026-07-11T18:15:00.000Z","2026-07-11","midday","For source check, keep the file plain. Show one number. Show one file. Name the next step."
"grantpipe-2026-252-2026-07-11-late-threads","grantpipe-2026-252-2026-07-11-late","threads","cmq5b15k300k4qp0yypplg57c","2026-07-11T22:35:00.000Z","2026-07-11","late","Before the day ends, check grant record. Put award fact next to report fact."
"grantpipe-2026-252-2026-07-12-morning-linkedin","grantpipe-2026-252-2026-07-12-morning","linkedin","cmorp6oby03pgmq0ye7e3n7j0","2026-07-12T13:45:00.000Z","2026-07-12","morning","board memo check.

Match changed item to ask needed. Name the ED.

If it breaks, write the next step."
"grantpipe-2026-252-2026-07-12-midday-linkedin","grantpipe-2026-252-2026-07-12-midday","linkedin","cmorp6oby03pgmq0ye7e3n7j0","2026-07-12T18:15:00.000Z","2026-07-12","midday","Keep cash timing plain.

Show bill date. Show paid date.

Then name who owns the next step."
"grantpipe-2026-252-2026-07-12-late-linkedin","grantpipe-2026-252-2026-07-12-late","linkedin","cmorp6oby03pgmq0ye7e3n7j0","2026-07-12T22:35:00.000Z","2026-07-12","late","End the day with closeout list.

Save last cost near last report.

A clean file helps the next reviewer."
"grantpipe-2026-252-2026-07-12-morning-x","grantpipe-2026-252-2026-07-12-morning","x","cmq5aut9y0087mv0yt9otastk","2026-07-12T13:45:00.000Z","2026-07-12","morning","board memo check: match changed item to ask needed. Name the ED."
"grantpipe-2026-252-2026-07-12-midday-x","grantpipe-2026-252-2026-07-12-midday","x","cmq5aut9y0087mv0yt9otastk","2026-07-12T18:15:00.000Z","2026-07-12","midday","Keep cash timing simple. Show bill date. Show paid date. Name the next owner."
"grantpipe-2026-252-2026-07-12-late-x","grantpipe-2026-252-2026-07-12-late","x","cmq5aut9y0087mv0yt9otastk","2026-07-12T22:35:00.000Z","2026-07-12","late","Close the loop on closeout list. Save last cost near last report."
"grantpipe-2026-252-2026-07-12-morning-threads","grantpipe-2026-252-2026-07-12-morning","threads","cmq5b15k300k4qp0yypplg57c","2026-07-12T13:45:00.000Z","2026-07-12","morning","Small grant check: board memo. Match changed item to ask needed. Then name the ED."
"grantpipe-2026-252-2026-07-12-midday-threads","grantpipe-2026-252-2026-07-12-midday","threads","cmq5b15k300k4qp0yypplg57c","2026-07-12T18:15:00.000Z","2026-07-12","midday","For cash timing, keep the file plain. Show bill date. Show paid date. Name the next step."
"grantpipe-2026-252-2026-07-12-late-threads","grantpipe-2026-252-2026-07-12-late","threads","cmq5b15k300k4qp0yypplg57c","2026-07-12T22:35:00.000Z","2026-07-12","late","Before the day ends, check closeout list. Put last cost next to last report."
